Index,Idiom Score Formal,Idiom Score Std Formal,Idiom Score Trans,Idiom Score Std Trans,Literal Score Formal,Literal Score Std Formal,Literal Score Trans,Literal Score Std Trans,DLA Idiom Formal,DLA Literal Formal,DLA Std Idiom Formal,DLA Std Literal Formal,DLA Idiom Trans,DLA Literal Trans,DLA Std Idiom Trans,DLA Std Literal Trans,Idiom Score Diff Formal Trans,Literal Score Diff Trans Formal,Score Diff Idiom Literal Formal,DLA Diff Formal,DLA Diff Trans,DLA Diff Idiom,DLA Diff Literal
"('L0H0', 'L0H0', 'L0H0', 'L0H0', 'L0H0')",0.532,0.0774,0.5366,0.0794,0.7886,0.05252,0.789,0.0499,0.00581,0.005054,0.01531,0.00745,0.00466,0.00492,0.014465,0.00704,-0.004395,0.0004883,-0.2563,0.0007553,-0.0002594,0.001148,0.0001335
"('L0H1', 'L0H1', 'L0H1', 'L0H1', 'L0H1')",0.583,0.0702,0.5806,0.0685,0.732,0.04132,0.7334,0.03943,0.0053,0.003517,0.01729,0.01119,0.006886,0.003054,0.01659,0.0119,0.002441,0.001465,-0.1489,0.001781,0.003832,-0.001587,0.0004635
"('L0H2', 'L0H2', 'L0H2', 'L0H2', 'L0H2')",0.5933,0.0736,0.5913,0.071,0.734,0.044,0.736,0.04092,0.004913,0.0261,0.04526,0.035,0.010086,0.02727,0.04495,0.03833,0.001953,0.001953,-0.1406,-0.02118,-0.01718,-0.005173,-0.001175
"('L0H3', 'L0H3', 'L0H3', 'L0H3', 'L0H3')",0.5747,0.05896,0.5776,0.05798,0.715,0.0429,0.7144,0.0385,0.00509,-0.02,0.0395,0.02321,-0.012276,-0.01802,0.0428,0.02295,-0.00293,-0.0004883,-0.1401,0.02509,0.005745,0.01736,-0.001984
"('L0H4', 'L0H4', 'L0H4', 'L0H4', 'L0H4')",0.581,0.07,0.58,0.0672,0.7246,0.0414,0.7256,0.03845,0.0143,0.00752,0.02888,0.01581,0.00845,0.00838,0.0269,0.01682,0.000977,0.000977,-0.1436,0.00678,7.63e-05,0.005844,-0.0008583
"('L0H5', 'L0H5', 'L0H5', 'L0H5', 'L0H5')",0.556,0.07513,0.5557,0.0747,0.779,0.05084,0.7803,0.0481,0.004414,0.003893,0.0181,0.00982,-0.0005603,0.004356,0.01907,0.01052,0.0004883,0.001465,-0.2227,0.0005207,-0.004917,0.004974,-0.0004635
"('L0H6', 'L0H6', 'L0H6', 'L0H6', 'L0H6')",0.589,0.0675,0.5903,0.0669,0.7124,0.03827,0.7144,0.0359,0.003174,-0.01767,0.05005,0.0365,0.003622,-0.01718,0.05103,0.0395,-0.001465,0.001953,-0.12354,0.02084,0.0208,-0.0004482,-0.0004883
"('L0H7', 'L0H7', 'L0H7', 'L0H7', 'L0H7')",0.568,0.0697,0.5654,0.0681,0.762,0.04898,0.763,0.04593,0.0003915,-0.00813,0.02629,0.01778,-0.00202,-0.00797,0.02364,0.01772,0.002441,0.000977,-0.1943,0.00852,0.00595,0.00241,-0.0001602
"('L0H8', 'L0H8', 'L0H8', 'L0H8', 'L0H8')",0.5825,0.0713,0.583,0.0698,0.7246,0.0404,0.724,0.03775,0.02403,0.03113,0.03607,0.02571,0.02576,0.0312,0.03674,0.02623,-0.0004883,-0.0004883,-0.1421,-0.007095,-0.005447,-0.001724,-7.63e-05
"('L0H9', 'L0H9', 'L0H9', 'L0H9', 'L0H9')",0.558,0.0765,0.5513,0.0726,0.773,0.0508,0.775,0.04797,0.00637,0.003635,0.01608,0.007057,0.00422,0.003654,0.01729,0.007446,0.006836,0.001953,-0.2148,0.002735,0.0005646,0.002151,-1.91e-05
"('L0H10', 'L0H10', 'L0H10', 'L0H10', 'L0H10')",0.597,0.06934,0.596,0.06836,0.725,0.0411,0.7266,0.03897,0.009575,0.02643,0.02342,0.02338,0.01738,0.02458,0.02792,0.02068,0.000977,0.001465,-0.1279,-0.01685,-0.007202,-0.007805,0.001846
"('L0H11', 'L0H11', 'L0H11', 'L0H11', 'L0H11')",0.5825,0.07214,0.575,0.068,0.745,0.04498,0.745,0.0422,0.001451,0.00177,0.019,0.010185,0.00195,0.0028,0.01819,0.01056,0.007324,0.0,-0.1626,-0.0003195,-0.0008497,-0.0004997,-0.00103
"('L0H12', 'L0H12', 'L0H12', 'L0H12', 'L0H12')",0.589,0.0732,0.5874,0.0713,0.7188,0.03943,0.7197,0.0371,0.00435,0.004105,0.02469,0.01384,0.004898,0.00375,0.02359,0.01435,0.001465,0.000977,-0.1299,0.0002441,0.001148,-0.0005493,0.0003548
"('L0H13', 'L0H13', 'L0H13', 'L0H13', 'L0H13')",0.5977,0.0716,0.591,0.0682,0.7324,0.0424,0.7344,0.0406,0.00788,0.00887,0.01707,0.0097,0.008415,0.009125,0.01758,0.01017,0.006836,0.001953,-0.1348,-0.000992,-0.0007095,-0.000534,-0.0002518
"('L0H14', 'L0H14', 'L0H14', 'L0H14', 'L0H14')",0.5894,0.0719,0.5884,0.071,0.717,0.03873,0.7173,0.036,-0.01245,-0.010735,0.02835,0.0155,-0.01249,-0.00993,0.02824,0.01657,0.000977,0.0004883,-0.1274,-0.001717,-0.002556,3.815e-05,-0.000801
"('L0H15', 'L0H15', 'L0H15', 'L0H15', 'L0H15')",0.5347,0.0737,0.534,0.0755,0.789,0.05182,0.7876,0.04956,0.00601,0.00875,0.01003,0.00605,0.00849,0.00867,0.009605,0.005527,0.0004883,-0.001465,-0.2544,-0.002743,-0.0001755,-0.002483,8.39e-05
"('L1H0', 'L1H0', 'L1H0', 'L1H0', 'L1H0')",0.5605,0.075,0.56,0.0735,0.7695,0.049,0.7695,0.04675,-0.00356,-0.01199,0.02113,0.011665,-0.005066,-0.010994,0.02098,0.01282,0.0004883,0.0,-0.209,0.00844,0.005928,0.001507,-0.000999
"('L1H1', 'L1H1', 'L1H1', 'L1H1', 'L1H1')",0.5923,0.07764,0.587,0.075,0.724,0.04053,0.725,0.03964,0.00404,0.005005,0.03113,0.01463,0.005722,0.005924,0.03085,0.015366,0.00537,0.000977,-0.1318,-0.000965,-0.0002022,-0.001682,-0.0009193
"('L1H2', 'L1H2', 'L1H2', 'L1H2', 'L1H2')",0.5684,0.0779,0.568,0.07623,0.776,0.05054,0.776,0.04944,0.02539,0.02127,0.02528,0.01546,0.0216,0.02008,0.02382,0.01534,0.0004883,0.0,-0.2075,0.00412,0.001526,0.003784,0.00119
"('L1H3', 'L1H3', 'L1H3', 'L1H3', 'L1H3')",0.5625,0.07263,0.5625,0.07153,0.735,0.04245,0.735,0.0406,0.003876,0.000639,0.0239,0.01087,0.002834,0.001586,0.02164,0.0117,0.0,0.0,-0.1724,0.003237,0.001248,0.001041,-0.000947
"('L1H4', 'L1H4', 'L1H4', 'L1H4', 'L1H4')",0.5923,0.0728,0.5884,0.07025,0.724,0.0385,0.724,0.03708,-0.012596,-0.025,0.027,0.02,-0.0122,-0.02467,0.02693,0.0211,0.003906,0.0,-0.1318,0.0124,0.012474,-0.0003967,-0.0003204
"('L1H5', 'L1H5', 'L1H5', 'L1H5', 'L1H5')",0.576,0.0737,0.572,0.0718,0.71,0.04132,0.71,0.03726,-0.001068,-0.006214,0.04065,0.01807,-0.001199,-0.005436,0.03522,0.01889,0.004395,0.0,-0.1338,0.005146,0.00424,0.0001307,-0.000778
"('L1H6', 'L1H6', 'L1H6', 'L1H6', 'L1H6')",0.591,0.0735,0.5864,0.0704,0.7217,0.0432,0.722,0.0399,-0.00215,-0.001084,0.03041,0.01569,-0.003145,-0.001591,0.0313,0.015526,0.004395,0.0004883,-0.1309,-0.001065,-0.0015545,0.000996,0.0005064
"('L1H7', 'L1H7', 'L1H7', 'L1H7', 'L1H7')",0.5615,0.0786,0.559,0.07764,0.7817,0.05093,0.7827,0.05008,-0.01232,-0.01442,0.02228,0.01308,-0.009705,-0.01444,0.02298,0.01372,0.002441,0.000977,-0.2202,0.002098,0.004738,-0.002617,2.29e-05
"('L1H8', 'L1H8', 'L1H8', 'L1H8', 'L1H8')",0.589,0.0731,0.59,0.0699,0.729,0.0403,0.729,0.03928,0.00754,0.00917,0.02055,0.0135,0.005302,0.00934,0.02126,0.013596,-0.000977,0.0,-0.1401,-0.001629,-0.004036,0.00224,-0.0001678
"('L1H9', 'L1H9', 'L1H9', 'L1H9', 'L1H9')",0.579,0.0751,0.576,0.0717,0.747,0.04636,0.7476,0.04422,0.00568,-0.005672,0.03183,0.00993,-0.001211,-0.005066,0.02354,0.010025,0.00293,0.0004883,-0.168,0.01135,0.003855,0.00689,-0.0006065
"('L1H10', 'L1H10', 'L1H10', 'L1H10', 'L1H10')",0.5825,0.0728,0.582,0.0727,0.716,0.03925,0.7153,0.03696,-0.001782,-0.01007,0.02904,0.01542,-0.0054,-0.00846,0.03024,0.01631,0.0004883,-0.0004883,-0.1333,0.008286,0.00306,0.00362,-0.00161
"('L1H11', 'L1H11', 'L1H11', 'L1H11', 'L1H11')",0.554,0.05942,0.5513,0.05917,0.6914,0.03314,0.6943,0.03177,0.006355,0.007797,0.0439,0.0226,0.001939,0.007812,0.04044,0.02295,0.00293,0.00293,-0.1372,-0.001442,-0.005875,0.004417,-1.526e-05
"('L1H12', 'L1H12', 'L1H12', 'L1H12', 'L1H12')",0.5586,0.0741,0.5557,0.0721,0.7764,0.05304,0.7773,0.05136,-0.01533,-0.02913,0.02664,0.01959,-0.01569,-0.02844,0.02408,0.02,0.00293,0.000977,-0.2178,0.0138,0.01276,0.0003586,-0.0006866
"('L1H13', 'L1H13', 'L1H13', 'L1H13', 'L1H13')",0.563,0.07556,0.559,0.071,0.7456,0.0457,0.7446,0.04327,0.01569,0.01245,0.05087,0.01464,0.0154,0.014084,0.03683,0.01591,0.003906,-0.000977,-0.1826,0.003235,0.00132,0.0002823,-0.001633
"('L1H14', 'L1H14', 'L1H14', 'L1H14', 'L1H14')",0.594,0.07275,0.596,0.07117,0.727,0.0426,0.726,0.03967,0.00835,-0.004818,0.02736,0.01768,0.01063,-0.00392,0.0314,0.0183,-0.001953,-0.000977,-0.1328,0.01317,0.01455,-0.002281,-0.0008965
"('L1H15', 'L1H15', 'L1H15', 'L1H15', 'L1H15')",0.566,0.0706,0.5625,0.06885,0.7236,0.0423,0.724,0.04044,-0.00308,0.0008726,0.03452,0.015205,0.001413,0.001132,0.0268,0.01553,0.003418,0.0004883,-0.1577,-0.003952,0.0002813,-0.004494,-0.0002594
"('L2H0', 'L2H0', 'L2H0', 'L2H0', 'L2H0')",0.551,0.0774,0.549,0.07587,0.775,0.05368,0.776,0.05173,0.003582,0.001636,0.01258,0.005844,0.002449,0.001534,0.012344,0.006012,0.001953,0.000977,-0.2241,0.001946,0.0009146,0.001133,0.0001011
"('L2H1', 'L2H1', 'L2H1', 'L2H1', 'L2H1')",0.5757,0.0766,0.5737,0.0751,0.764,0.0483,0.7637,0.0478,0.01971,0.01535,0.01932,0.012695,0.014305,0.0146,0.01923,0.01265,0.001953,-0.0004883,-0.1885,0.004364,-0.0002975,0.00541,0.0007477
"('L2H2', 'L2H2', 'L2H2', 'L2H2', 'L2H2')",0.569,0.0753,0.5674,0.0739,0.7744,0.04984,0.7744,0.04868,0.006832,1.3e-05,0.02155,0.010796,0.007607,0.001378,0.02017,0.01063,0.001465,0.0,-0.2056,0.00682,0.00623,-0.0007744,-0.001365
"('L2H3', 'L2H3', 'L2H3', 'L2H3', 'L2H3')",0.5635,0.079,0.5605,0.0766,0.777,0.04968,0.7764,0.0482,-0.008224,-0.003376,0.01218,0.0081,-0.007343,-0.003275,0.013306,0.00817,0.00293,-0.0004883,-0.2134,-0.00485,-0.004066,-0.000881,-0.0001011
"('L2H4', 'L2H4', 'L2H4', 'L2H4', 'L2H4')",0.562,0.08203,0.553,0.0794,0.7803,0.05197,0.7812,0.0503,0.01614,0.01523,0.01875,0.01096,0.01472,0.01499,0.01646,0.0114,0.00879,0.000977,-0.2183,0.0009155,-0.0002747,0.001427,0.0002365
"('L2H5', 'L2H5', 'L2H5', 'L2H5', 'L2H5')",0.5327,0.074,0.5312,0.0722,0.766,0.05032,0.7656,0.05014,0.00593,0.003775,0.01293,0.00603,0.004524,0.003906,0.012024,0.005787,0.001465,-0.0004883,-0.2334,0.002157,0.000618,0.001408,-0.0001316
"('L2H6', 'L2H6', 'L2H6', 'L2H6', 'L2H6')",0.5835,0.07056,0.5786,0.0656,0.7246,0.04108,0.7246,0.03925,0.01214,0.00955,0.01671,0.013275,0.007404,0.01012,0.0188,0.01235,0.004883,0.0,-0.1411,0.002586,-0.002712,0.004734,-0.0005646
"('L2H7', 'L2H7', 'L2H7', 'L2H7', 'L2H7')",0.548,0.07605,0.5444,0.07385,0.772,0.05133,0.7734,0.04968,0.0241,0.03214,0.0164,0.010635,0.02667,0.0315,0.01808,0.01104,0.003418,0.001465,-0.2241,-0.00804,-0.00482,-0.002579,0.000641
"('L2H8', 'L2H8', 'L2H8', 'L2H8', 'L2H8')",0.5454,0.0741,0.5483,0.0758,0.7783,0.04984,0.7773,0.04822,-0.00257,-0.00557,0.01222,0.01019,-0.005287,-0.00471,0.01469,0.00941,-0.00293,-0.000977,-0.2329,0.003,-0.000576,0.002718,-0.0008583
"('L2H9', 'L2H9', 'L2H9', 'L2H9', 'L2H9')",0.56,0.07825,0.5557,0.07666,0.7793,0.0509,0.781,0.0479,-0.000616,0.005196,0.014275,0.008286,0.002558,0.004974,0.01312,0.00837,0.004395,0.001465,-0.2192,-0.005814,-0.002417,-0.003174,0.0002213
"('L2H10', 'L2H10', 'L2H10', 'L2H10', 'L2H10')",0.584,0.07385,0.583,0.07306,0.7505,0.04434,0.7524,0.04367,-0.00928,-0.01552,0.01945,0.01434,-0.0098,-0.01581,0.01917,0.01512,0.000977,0.001953,-0.1665,0.00624,0.006004,0.0005264,0.00029
"('L2H11', 'L2H11', 'L2H11', 'L2H11', 'L2H11')",0.555,0.0752,0.555,0.0737,0.779,0.05103,0.778,0.0491,0.00613,0.00797,0.012665,0.006264,0.006653,0.0077,0.011925,0.006393,0.0,-0.000977,-0.2236,-0.0018425,-0.001049,-0.0005226,0.0002708
"('L2H12', 'L2H12', 'L2H12', 'L2H12', 'L2H12')",0.5596,0.07385,0.5605,0.0738,0.765,0.0483,0.766,0.04694,0.003435,0.006847,0.01846,0.01097,0.00905,0.00674,0.02002,0.0115,-0.000977,0.000977,-0.2056,-0.003412,0.002308,-0.005615,0.0001068
"('L2H13', 'L2H13', 'L2H13', 'L2H13', 'L2H13')",0.578,0.07324,0.5723,0.0726,0.732,0.04114,0.733,0.04053,0.0008063,0.000887,0.03041,0.015366,-0.0013485,0.001023,0.02869,0.015526,0.00586,0.000977,-0.1538,-8.06e-05,-0.002373,0.002155,-0.0001364
"('L2H14', 'L2H14', 'L2H14', 'L2H14', 'L2H14')",0.568,0.0763,0.567,0.0758,0.777,0.0489,0.7773,0.04803,0.005436,0.002623,0.01648,0.01017,0.004814,0.001844,0.015594,0.01007,0.000977,0.0004883,-0.209,0.002813,0.00297,0.000622,0.000778
"('L2H15', 'L2H15', 'L2H15', 'L2H15', 'L2H15')",0.6035,0.07294,0.605,0.07104,0.7407,0.04324,0.741,0.0418,-0.002056,-0.01645,0.03111,0.02061,-0.00532,-0.0172,0.03174,0.0204,-0.001465,0.0004883,-0.1372,0.01439,0.01187,0.003265,0.0007477
"('L3H0', 'L3H0', 'L3H0', 'L3H0', 'L3H0')",0.5728,0.07697,0.5737,0.07477,0.771,0.04846,0.7705,0.04773,0.06204,0.0755,0.04016,0.03653,0.05582,0.0715,0.0374,0.03546,-0.000977,-0.0004883,-0.1982,-0.01346,-0.01566,0.006226,0.00403
"('L3H1', 'L3H1', 'L3H1', 'L3H1', 'L3H1')",0.5615,0.07666,0.56,0.0746,0.7773,0.04996,0.7773,0.04868,-0.005463,-0.004536,0.01617,0.00923,-0.00646,-0.005337,0.01654,0.01084,0.001465,0.0,-0.2158,-0.000927,-0.0011215,0.000996,0.000801
"('L3H2', 'L3H2', 'L3H2', 'L3H2', 'L3H2')",0.591,0.08215,0.5874,0.08044,0.7373,0.04333,0.738,0.0419,0.0483,0.03522,0.04807,0.02515,0.04556,0.03436,0.04727,0.0245,0.003418,0.0004883,-0.1465,0.01309,0.0112,0.002747,0.0008545
"('L3H3', 'L3H3', 'L3H3', 'L3H3', 'L3H3')",0.5835,0.0797,0.583,0.07715,0.7295,0.04126,0.7285,0.04028,0.03363,0.01317,0.05054,0.02045,0.03473,0.01542,0.04974,0.0214,0.0004883,-0.000977,-0.146,0.02046,0.01932,-0.001099,-0.00225
"('L3H4', 'L3H4', 'L3H4', 'L3H4', 'L3H4')",0.599,0.07477,0.5957,0.07574,0.746,0.04416,0.75,0.04263,0.05194,0.0436,0.0392,0.02426,0.0474,0.0428,0.03876,0.02373,0.003418,0.003906,-0.147,0.00833,0.00461,0.004547,0.000824
"('L3H5', 'L3H5', 'L3H5', 'L3H5', 'L3H5')",0.5767,0.07385,0.577,0.07306,0.7437,0.0432,0.7437,0.0413,0.02084,0.01467,0.03677,0.01768,0.01378,0.0154,0.03238,0.01782,-0.0004883,0.0,-0.167,0.006172,-0.001625,0.007065,-0.0007324
"('L3H6', 'L3H6', 'L3H6', 'L3H6', 'L3H6')",0.5674,0.07776,0.5684,0.0765,0.78,0.05045,0.78,0.04855,0.00884,0.00898,0.01901,0.011665,0.00823,0.008865,0.0183,0.01158,-0.000977,0.0,-0.2124,-0.0001373,-0.0006332,0.0006104,0.00011444
"('L3H7', 'L3H7', 'L3H7', 'L3H7', 'L3H7')",0.5635,0.0763,0.565,0.0754,0.7764,0.05078,0.777,0.0483,0.02478,0.03049,0.01863,0.01203,0.026,0.03043,0.0187,0.012344,-0.001465,0.0004883,-0.2129,-0.005707,-0.004425,-0.001221,6.104e-05
"('L3H8', 'L3H8', 'L3H8', 'L3H8', 'L3H8')",0.5806,0.07635,0.5796,0.0735,0.7397,0.0447,0.7383,0.04227,0.005123,0.009224,0.03165,0.0195,0.008514,0.007355,0.03293,0.01932,0.000977,-0.001465,-0.1592,-0.0041,0.00116,-0.003391,0.001869
"('L3H9', 'L3H9', 'L3H9', 'L3H9', 'L3H9')",0.567,0.075,0.5703,0.0745,0.7637,0.04727,0.7627,0.0456,0.0164,0.0138,0.03372,0.01854,0.0319,0.01535,0.0573,0.02025,-0.003418,-0.000977,-0.1968,0.002602,0.01654,-0.01549,-0.001549
"('L3H10', 'L3H10', 'L3H10', 'L3H10', 'L3H10')",0.57,0.0759,0.567,0.0722,0.7773,0.0513,0.7783,0.04886,0.0194,0.02377,0.01903,0.01112,0.01802,0.02281,0.01949,0.010704,0.00293,0.000977,-0.2075,-0.00438,-0.00479,0.001373,0.0009613
"('L3H11', 'L3H11', 'L3H11', 'L3H11', 'L3H11')",0.5703,0.07697,0.566,0.0751,0.769,0.04846,0.77,0.04733,-0.0247,-0.005,0.03305,0.01544,-0.01723,-0.006382,0.02907,0.01547,0.004395,0.000977,-0.1987,-0.0197,-0.01085,-0.007477,0.001381
"('L3H12', 'L3H12', 'L3H12', 'L3H12', 'L3H12')",0.567,0.07556,0.5654,0.07446,0.759,0.04575,0.759,0.04385,0.003662,0.00434,0.02599,0.01074,0.002102,0.003817,0.02264,0.01123,0.001465,0.0,-0.1919,-0.000679,-0.001715,0.00156,0.0005245
"('L3H13', 'L3H13', 'L3H13', 'L3H13', 'L3H13')",0.542,0.0738,0.543,0.0736,0.768,0.05237,0.769,0.0508,0.00292,0.000758,0.01293,0.008026,0.003847,0.0008693,0.01164,0.0079,-0.000977,0.000977,-0.2261,0.002163,0.002977,-0.000927,-0.0001111
"('L3H14', 'L3H14', 'L3H14', 'L3H14', 'L3H14')",0.567,0.0768,0.5645,0.0732,0.7695,0.04953,0.769,0.04956,0.02132,0.02675,0.02368,0.015335,0.01982,0.02599,0.02596,0.01559,0.002441,-0.0004883,-0.2026,-0.005432,-0.006165,0.001495,0.000763
"('L3H15', 'L3H15', 'L3H15', 'L3H15', 'L3H15')",0.569,0.0718,0.566,0.07025,0.755,0.046,0.7554,0.04367,0.0002185,-0.00095,0.03326,0.02055,-0.001507,0.0006247,0.0317,0.0208,0.00293,0.0004883,-0.186,0.001168,-0.002132,0.001725,-0.0015745
"('L4H0', 'L4H0', 'L4H0', 'L4H0', 'L4H0')",0.5254,0.0752,0.538,0.0779,0.7856,0.05148,0.7837,0.05045,0.01107,0.01852,0.01036,0.00973,0.01369,0.01736,0.01483,0.00963,-0.012695,-0.001953,-0.2603,-0.007454,-0.003677,-0.002617,0.00116
"('L4H1', 'L4H1', 'L4H1', 'L4H1', 'L4H1')",0.536,0.0759,0.534,0.0744,0.774,0.05115,0.775,0.04874,-0.0007315,0.0043,0.01367,0.008,0.0007067,0.004272,0.01342,0.0081,0.001953,0.000977,-0.2378,-0.00503,-0.003567,-0.001438,2.67e-05
"('L4H2', 'L4H2', 'L4H2', 'L4H2', 'L4H2')",0.5737,0.07416,0.5664,0.07275,0.766,0.05014,0.7686,0.04752,0.02434,0.01797,0.0321,0.01646,0.03296,0.01811,0.03708,0.01663,0.007324,0.002441,-0.1924,0.006363,0.01485,-0.00862,-0.0001373
"('L4H3', 'L4H3', 'L4H3', 'L4H3', 'L4H3')",0.564,0.0756,0.5654,0.0736,0.7764,0.05188,0.7783,0.04855,0.04007,0.03897,0.02477,0.01706,0.04596,0.03864,0.02916,0.01701,-0.001465,0.001953,-0.2124,0.001099,0.007324,-0.00589,0.0003357
"('L4H4', 'L4H4', 'L4H4', 'L4H4', 'L4H4')",0.537,0.07526,0.539,0.0748,0.7705,0.0512,0.772,0.04974,0.0008235,0.0005774,0.01351,0.009636,-0.001096,-2.18e-05,0.01559,0.012115,-0.001953,0.001465,-0.2334,0.000246,-0.001074,0.001919,0.0005994
"('L4H5', 'L4H5', 'L4H5', 'L4H5', 'L4H5')",0.5454,0.0759,0.5454,0.07355,0.7715,0.05002,0.7715,0.04834,0.00148,0.001905,0.02124,0.01026,0.001438,0.001807,0.0192,0.00999,0.0,0.0,-0.2261,-0.0004253,-0.000369,4.196e-05,9.82e-05
"('L4H6', 'L4H6', 'L4H6', 'L4H6', 'L4H6')",0.579,0.0773,0.578,0.07196,0.7373,0.04315,0.737,0.0414,0.02902,0.0277,0.03748,0.01843,0.03064,0.02751,0.0389,0.01837,0.000977,-0.0004883,-0.1582,0.0013275,0.003128,-0.001617,0.0001831
"('L4H7', 'L4H7', 'L4H7', 'L4H7', 'L4H7')",0.53,0.0737,0.532,0.07306,0.7666,0.05106,0.7676,0.04965,0.01195,0.005035,0.01475,0.00792,0.00852,0.005924,0.01548,0.007725,-0.002441,0.000977,-0.2368,0.006912,0.002598,0.003426,-0.000889
"('L4H8', 'L4H8', 'L4H8', 'L4H8', 'L4H8')",0.532,0.0758,0.5327,0.0747,0.768,0.04987,0.769,0.04794,0.015144,0.01576,0.01093,0.00612,0.014366,0.015434,0.01088,0.006207,-0.0004883,0.000977,-0.2358,-0.000618,-0.001068,0.000778,0.000328
"('L4H9', 'L4H9', 'L4H9', 'L4H9', 'L4H9')",0.553,0.0748,0.5522,0.073,0.776,0.05167,0.778,0.04865,-0.03275,-0.0383,0.0307,0.01677,-0.03235,-0.03662,0.02914,0.01677,0.000977,0.001953,-0.2227,0.005554,0.004272,-0.0003967,-0.001678
"('L4H10', 'L4H10', 'L4H10', 'L4H10', 'L4H10')",0.536,0.0797,0.5464,0.0778,0.777,0.05075,0.777,0.04944,0.03174,0.034,0.0197,0.0148,0.02765,0.0316,0.019,0.01563,-0.010254,0.0,-0.2407,-0.002258,-0.003937,0.00409,0.00241
"('L4H11', 'L4H11', 'L4H11', 'L4H11', 'L4H11')",0.5376,0.0779,0.5464,0.07666,0.7812,0.05167,0.7817,0.04858,0.02231,0.02939,0.01562,0.01337,0.02295,0.02899,0.01659,0.01321,-0.00879,0.0004883,-0.2437,-0.00708,-0.006042,-0.000641,0.0003967
"('L4H12', 'L4H12', 'L4H12', 'L4H12', 'L4H12')",0.5415,0.0817,0.543,0.07965,0.777,0.05115,0.7773,0.0501,-0.02377,-0.02089,0.02061,0.01197,-0.02135,-0.02089,0.02052,0.01249,-0.001465,0.0004883,-0.2354,-0.002884,-0.0004578,-0.002426,0.0
"('L4H13', 'L4H13', 'L4H13', 'L4H13', 'L4H13')",0.536,0.07184,0.544,0.0736,0.782,0.05002,0.779,0.04822,0.02586,0.0286,0.02081,0.01674,0.02861,0.02946,0.02353,0.01648,-0.007812,-0.003418,-0.2461,-0.002731,-0.0008545,-0.002747,-0.0008698
"('L4H14', 'L4H14', 'L4H14', 'L4H14', 'L4H14')",0.566,0.0717,0.569,0.072,0.766,0.04816,0.767,0.046,0.01187,0.02039,0.03062,0.02582,0.02173,0.01993,0.04047,0.02289,-0.00293,0.000977,-0.2002,-0.008514,0.001801,-0.00986,0.0004578
"('L4H15', 'L4H15', 'L4H15', 'L4H15', 'L4H15')",0.567,0.06396,0.564,0.06274,0.699,0.03387,0.702,0.03244,0.02151,0.04666,0.0521,0.03098,0.02498,0.04645,0.0502,0.03204,0.00293,0.00293,-0.1323,-0.02515,-0.02147,-0.003464,0.0002136
"('L5H0', 'L5H0', 'L5H0', 'L5H0', 'L5H0')",0.5684,0.07336,0.5664,0.07074,0.755,0.04724,0.7544,0.04547,0.02031,0.01501,0.03958,0.02298,0.02487,0.01639,0.042,0.02133,0.001953,-0.0004883,-0.1865,0.005302,0.008484,-0.004562,-0.001381
"('L5H1', 'L5H1', 'L5H1', 'L5H1', 'L5H1')",0.526,0.0753,0.538,0.07605,0.785,0.05078,0.7837,0.0499,-0.00407,-0.0002085,0.006584,0.009155,-0.002872,-0.00082,0.009186,0.008896,-0.01221,-0.001465,-0.2593,-0.003862,-0.002052,-0.001198,0.000612
"('L5H2', 'L5H2', 'L5H2', 'L5H2', 'L5H2')",0.56,0.078,0.564,0.07684,0.7764,0.05008,0.776,0.04843,0.03017,0.03244,0.0326,0.02151,0.02898,0.0313,0.0337,0.02048,-0.003906,-0.0004883,-0.2163,-0.002274,-0.002335,0.00119,0.001129
"('L5H3', 'L5H3', 'L5H3', 'L5H3', 'L5H3')",0.555,0.07104,0.557,0.0738,0.7656,0.04834,0.7666,0.04605,0.0234,0.01575,0.03105,0.02065,0.02045,0.01559,0.03534,0.02126,-0.001953,0.000977,-0.2104,0.00766,0.00486,0.00296,0.0001602
"('L5H4', 'L5H4', 'L5H4', 'L5H4', 'L5H4')",0.5303,0.07654,0.53,0.0748,0.7656,0.04987,0.7666,0.04797,0.00803,0.007904,0.00971,0.00437,0.006668,0.00758,0.00852,0.00443,0.0004883,0.000977,-0.2354,0.0001297,-0.0009117,0.001366,0.0003242
"('L5H5', 'L5H5', 'L5H5', 'L5H5', 'L5H5')",0.5356,0.07666,0.5376,0.0748,0.7764,0.04984,0.777,0.04825,-0.05292,-0.05365,0.03333,0.0209,-0.04483,-0.05365,0.03192,0.02158,-0.001953,0.0004883,-0.2407,0.0007324,0.00882,-0.00809,0.0
"('L5H6', 'L5H6', 'L5H6', 'L5H6', 'L5H6')",0.5527,0.0751,0.554,0.0732,0.749,0.0456,0.749,0.04364,0.02557,0.01293,0.0846,0.03111,0.012985,0.01392,0.0874,0.0312,-0.001465,0.0,-0.1963,0.01264,-0.0009384,0.01259,-0.000992
"('L5H7', 'L5H7', 'L5H7', 'L5H7', 'L5H7')",0.5376,0.07764,0.5405,0.0765,0.774,0.04904,0.774,0.04773,-0.0006156,-0.001293,0.0088,0.007225,-0.0002342,-0.001162,0.010025,0.006577,-0.00293,0.0,-0.2363,0.0006776,0.0009274,-0.0003815,-0.0001316
"('L5H8', 'L5H8', 'L5H8', 'L5H8', 'L5H8')",0.5327,0.07513,0.535,0.0737,0.7695,0.0494,0.7695,0.0482,0.02892,0.02446,0.02037,0.01178,0.02515,0.02464,0.01978,0.01158,-0.002441,0.0,-0.2368,0.004456,0.0005035,0.003769,-0.0001831
"('L5H9', 'L5H9', 'L5H9', 'L5H9', 'L5H9')",0.562,0.07526,0.561,0.0742,0.762,0.04816,0.7637,0.04578,0.02449,0.02417,0.05103,0.02805,0.03552,0.02255,0.0584,0.02693,0.000977,0.001465,-0.2002,0.0003204,0.01297,-0.01103,0.001617
"('L5H10', 'L5H10', 'L5H10', 'L5H10', 'L5H10')",0.548,0.0747,0.553,0.075,0.776,0.0499,0.776,0.04913,0.01875,0.02122,0.0247,0.01952,0.01807,0.02008,0.02904,0.01869,-0.00537,0.0,-0.228,-0.002472,-0.002014,0.0006866,0.001144
"('L5H11', 'L5H11', 'L5H11', 'L5H11', 'L5H11')",0.5312,0.07306,0.53,0.0725,0.762,0.0503,0.764,0.04782,0.02681,0.02261,0.02054,0.009674,0.02187,0.0225,0.01886,0.00994,0.001465,0.001953,-0.231,0.004196,-0.000641,0.004944,0.0001068
"('L5H12', 'L5H12', 'L5H12', 'L5H12', 'L5H12')",0.564,0.07367,0.5664,0.07404,0.7573,0.0467,0.758,0.04538,-0.01869,-0.01721,0.0323,0.01797,-0.02763,-0.01826,0.03647,0.01831,-0.002441,0.0004883,-0.1934,-0.00148,-0.00937,0.00894,0.001053
"('L5H13', 'L5H13', 'L5H13', 'L5H13', 'L5H13')",0.554,0.0746,0.5557,0.07404,0.776,0.05066,0.777,0.0487,0.0328,0.02293,0.05338,0.01912,0.02559,0.02252,0.04526,0.01921,-0.001465,0.000977,-0.2217,0.00987,0.003067,0.007217,0.000412
"('L5H14', 'L5H14', 'L5H14', 'L5H14', 'L5H14')",0.551,0.0726,0.5566,0.0745,0.7803,0.04984,0.7803,0.04733,0.01779,0.00927,0.02737,0.01738,0.0156,0.01029,0.02866,0.01724,-0.00586,0.0,-0.2295,0.00852,0.00531,0.00219,-0.001022
"('L5H15', 'L5H15', 'L5H15', 'L5H15', 'L5H15')",0.5933,0.0738,0.5986,0.07104,0.762,0.049,0.761,0.04678,0.02092,0.01764,0.02914,0.01778,0.01732,0.01741,0.02843,0.01726,-0.00537,-0.000977,-0.169,0.00328,-9.155e-05,0.003601,0.0002289
"('L6H0', 'L6H0', 'L6H0', 'L6H0', 'L6H0')",0.539,0.0775,0.5396,0.07623,0.772,0.04813,0.7725,0.04666,0.00436,0.006695,0.007904,0.005165,0.00472,0.006313,0.00846,0.005093,-0.0004883,0.0004883,-0.2329,-0.002335,-0.001595,-0.0003586,0.0003815
"('L6H1', 'L6H1', 'L6H1', 'L6H1', 'L6H1')",0.539,0.0801,0.539,0.0784,0.7764,0.04938,0.777,0.04822,0.001127,-0.0002078,0.01032,0.00701,-0.0004117,-0.0002453,0.01039,0.006676,0.0,0.0004883,-0.2373,0.001335,-0.0001664,0.001539,3.755e-05
"('L6H2', 'L6H2', 'L6H2', 'L6H2', 'L6H2')",0.571,0.0729,0.5674,0.07117,0.7554,0.04526,0.756,0.0432,0.06476,0.04852,0.05127,0.0239,0.0537,0.0464,0.04788,0.024,0.003418,0.0004883,-0.1846,0.01624,0.007324,0.01105,0.002136
"('L6H3', 'L6H3', 'L6H3', 'L6H3', 'L6H3')",0.532,0.07806,0.538,0.07794,0.7812,0.04944,0.7793,0.04788,-0.003372,-0.006966,0.01077,0.009346,-0.005196,-0.006413,0.01258,0.00864,-0.00586,-0.001953,-0.249,0.003593,0.001217,0.001823,-0.000553
"('L6H4', 'L6H4', 'L6H4', 'L6H4', 'L6H4')",0.547,0.07794,0.5464,0.0774,0.7715,0.0498,0.7725,0.04764,0.013016,0.01306,0.01578,0.013245,0.01282,0.012764,0.01595,0.012924,0.0004883,0.000977,-0.2246,-4.58e-05,5.34e-05,0.0001984,0.0002975
"('L6H5', 'L6H5', 'L6H5', 'L6H5', 'L6H5')",0.568,0.07916,0.5693,0.0775,0.777,0.05093,0.777,0.0497,0.0506,0.04614,0.04227,0.0258,0.0446,0.04404,0.0392,0.02531,-0.001465,0.0,-0.209,0.004456,0.0005493,0.006012,0.002106
"('L6H6', 'L6H6', 'L6H6', 'L6H6', 'L6H6')",0.537,0.07996,0.544,0.07886,0.778,0.05017,0.7773,0.04956,0.00493,0.01738,0.01402,0.01478,0.00903,0.01645,0.01802,0.01536,-0.006836,-0.0004883,-0.2407,-0.01245,-0.007416,-0.004105,0.000931
"('L6H7', 'L6H7', 'L6H7', 'L6H7', 'L6H7')",0.5513,0.07806,0.555,0.0758,0.7725,0.04828,0.7715,0.0469,0.003351,0.011185,0.02776,0.02051,0.005356,0.00943,0.03075,0.01965,-0.003906,-0.000977,-0.2212,-0.007835,-0.004074,-0.002005,0.001755
"('L6H8', 'L6H8', 'L6H8', 'L6H8', 'L6H8')",0.562,0.0761,0.5625,0.07446,0.7773,0.04907,0.779,0.04657,0.00355,0.01573,0.02534,0.015594,0.005928,0.01498,0.0258,0.01625,-0.0004883,0.001465,-0.2153,-0.012184,-0.00905,-0.002378,0.0007553
"('L6H9', 'L6H9', 'L6H9', 'L6H9', 'L6H9')",0.543,0.0742,0.549,0.0755,0.785,0.05014,0.785,0.0479,0.004604,0.00257,0.01741,0.01144,0.001391,0.0018,0.01727,0.0112,-0.00586,0.0,-0.2422,0.002035,-0.0004082,0.003212,0.0007696
"('L6H10', 'L6H10', 'L6H10', 'L6H10', 'L6H10')",0.57,0.07855,0.5713,0.07416,0.7593,0.04788,0.758,0.04584,0.0495,0.04767,0.0524,0.0275,0.04846,0.04755,0.05215,0.02692,-0.001465,-0.001465,-0.1895,0.001831,0.0009155,0.001038,0.0001221
"('L6H11', 'L6H11', 'L6H11', 'L6H11', 'L6H11')",0.574,0.07227,0.5703,0.07367,0.7607,0.04852,0.765,0.04565,0.06836,0.03912,0.0655,0.03072,0.0737,0.03702,0.0671,0.03003,0.003906,0.004395,-0.1865,0.02924,0.0367,-0.00537,0.002106
"('L6H12', 'L6H12', 'L6H12', 'L6H12', 'L6H12')",0.5635,0.0781,0.561,0.07587,0.7773,0.05145,0.779,0.0485,-0.014336,-0.0092,0.03107,0.01634,-0.010185,-0.008316,0.0296,0.01637,0.002441,0.001465,-0.2139,-0.005135,-0.001869,-0.00415,-0.000885
"('L6H13', 'L6H13', 'L6H13', 'L6H13', 'L6H13')",0.559,0.07355,0.558,0.0725,0.7725,0.05005,0.774,0.04706,0.01877,0.01787,0.03366,0.01764,0.02602,0.01787,0.0348,0.01683,0.000977,0.001465,-0.2134,0.0009003,0.00815,-0.007248,0.0
"('L6H14', 'L6H14', 'L6H14', 'L6H14', 'L6H14')",0.5596,0.074,0.564,0.074,0.7744,0.0484,0.7764,0.04633,0.006413,0.00766,0.02988,0.02055,0.00953,0.00574,0.03424,0.01955,-0.004395,0.001953,-0.2148,-0.001247,0.003788,-0.003117,0.001919
"('L6H15', 'L6H15', 'L6H15', 'L6H15', 'L6H15')",0.5557,0.076,0.557,0.07526,0.7744,0.04868,0.774,0.04526,-0.003712,0.000848,0.03513,0.02216,-0.00253,0.0007353,0.0349,0.02286,-0.001465,-0.0004883,-0.2188,-0.00456,-0.003265,-0.001183,0.00011253
"('L7H0', 'L7H0', 'L7H0', 'L7H0', 'L7H0')",0.5356,0.07446,0.545,0.0756,0.7876,0.04913,0.786,0.04745,0.0273,0.02078,0.02165,0.01458,0.02373,0.01984,0.02359,0.01432,-0.00928,-0.001465,-0.252,0.006516,0.003891,0.00357,0.000946
"('L7H1', 'L7H1', 'L7H1', 'L7H1', 'L7H1')",0.552,0.07574,0.5444,0.07416,0.771,0.05057,0.7725,0.04788,-0.014854,-0.02261,0.01918,0.01346,-0.01532,-0.02094,0.01823,0.01494,0.007324,0.001465,-0.2192,0.00776,0.005615,0.0004654,-0.001678
"('L7H2', 'L7H2', 'L7H2', 'L7H2', 'L7H2')",0.5664,0.0767,0.5625,0.0753,0.773,0.0492,0.7744,0.04678,0.010826,0.01534,0.03046,0.01811,0.01495,0.01324,0.0322,0.01743,0.003906,0.001465,-0.2065,-0.004517,0.001717,-0.004128,0.002106
"('L7H3', 'L7H3', 'L7H3', 'L7H3', 'L7H3')",0.5317,0.07574,0.531,0.07465,0.7676,0.05014,0.769,0.04776,0.0152,0.01241,0.01411,0.00655,0.01344,0.01245,0.01257,0.00666,0.000977,0.001465,-0.2358,0.002785,0.000992,0.001755,-3.815e-05
"('L7H4', 'L7H4', 'L7H4', 'L7H4', 'L7H4')",0.5396,0.0758,0.542,0.0749,0.773,0.05,0.773,0.04807,0.004414,0.01379,0.01331,0.00844,0.006428,0.01289,0.01417,0.00827,-0.002441,0.0,-0.2334,-0.00937,-0.006466,-0.002014,0.0008926
"('L7H5', 'L7H5', 'L7H5', 'L7H5', 'L7H5')",0.5674,0.0748,0.568,0.07306,0.768,0.0472,0.7676,0.04483,0.02797,0.02058,0.0508,0.02261,0.0216,0.02174,0.04428,0.02197,-0.0004883,-0.0004883,-0.2007,0.007385,-0.0001373,0.006363,-0.00116
"('L7H6', 'L7H6', 'L7H6', 'L7H6', 'L7H6')",0.537,0.07605,0.535,0.0746,0.7744,0.05157,0.7764,0.048,-0.029,-0.02441,0.0266,0.01459,-0.02383,-0.02414,0.02753,0.01407,0.001953,0.001953,-0.2373,-0.004593,0.0003052,-0.005173,-0.0002747
"('L7H7', 'L7H7', 'L7H7', 'L7H7', 'L7H7')",0.545,0.076,0.546,0.07477,0.7744,0.05066,0.776,0.04767,0.01122,0.01092,0.02441,0.01136,0.01088,0.01103,0.02434,0.01149,-0.000977,0.001465,-0.2295,0.0003052,-0.0001526,0.0003433,-0.00011444
"('L7H8', 'L7H8', 'L7H8', 'L7H8', 'L7H8')",0.57,0.07587,0.571,0.0747,0.769,0.04794,0.77,0.04654,-0.05148,-0.03635,0.05127,0.02882,-0.053,-0.03818,0.05212,0.02837,-0.000977,0.000977,-0.1992,-0.01514,-0.01483,0.001526,0.001831
"('L7H9', 'L7H9', 'L7H9', 'L7H9', 'L7H9')",0.543,0.0793,0.5474,0.07874,0.779,0.0502,0.779,0.04883,0.01515,0.01755,0.02165,0.01326,0.01507,0.01749,0.02275,0.01343,-0.004395,0.0,-0.2358,-0.002396,-0.002419,8.39e-05,6.104e-05
"('L7H10', 'L7H10', 'L7H10', 'L7H10', 'L7H10')",0.54,0.0753,0.54,0.0737,0.7686,0.04974,0.7686,0.04883,0.009865,0.00917,0.01978,0.00962,0.00973,0.00918,0.01842,0.01016,0.0,0.0,-0.2285,0.0006943,0.0005493,0.0001373,-7.6e-06
"('L7H11', 'L7H11', 'L7H11', 'L7H11', 'L7H11')",0.554,0.0736,0.557,0.07367,0.7744,0.04846,0.7744,0.04663,0.007694,0.005875,0.0281,0.02342,0.01183,0.007446,0.03473,0.02223,-0.00293,0.0,-0.2202,0.00182,0.004387,-0.00414,-0.001572
"('L7H12', 'L7H12', 'L7H12', 'L7H12', 'L7H12')",0.5474,0.0757,0.5464,0.0733,0.7764,0.05136,0.7773,0.04883,0.01147,0.01945,0.02835,0.01749,0.01397,0.01921,0.0298,0.01712,0.000977,0.000977,-0.229,-0.00799,-0.00524,-0.002502,0.0002441
"('L7H13', 'L7H13', 'L7H13', 'L7H13', 'L7H13')",0.556,0.07697,0.5522,0.07446,0.7793,0.0518,0.781,0.04898,-0.04254,-0.04715,0.0581,0.03091,-0.03467,-0.04614,0.05563,0.03186,0.003906,0.001465,-0.2231,0.00461,0.011475,-0.00787,-0.001007
"('L7H14', 'L7H14', 'L7H14', 'L7H14', 'L7H14')",0.566,0.0753,0.5605,0.07227,0.7617,0.04785,0.7627,0.0456,0.04407,0.0435,0.06793,0.02571,0.05066,0.04327,0.06793,0.02643,0.00537,0.000977,-0.1958,0.00058,0.007385,-0.00659,0.0002136
"('L7H15', 'L7H15', 'L7H15', 'L7H15', 'L7H15')",0.533,0.0719,0.533,0.0714,0.767,0.05243,0.769,0.05054,0.02824,0.01953,0.03387,0.01636,0.02211,0.0198,0.03397,0.01614,0.0,0.001953,-0.2339,0.00871,0.002304,0.006134,-0.0002747
"('L8H0', 'L8H0', 'L8H0', 'L8H0', 'L8H0')",0.563,0.0723,0.564,0.07086,0.7637,0.0482,0.764,0.04575,0.02827,0.02606,0.03053,0.01614,0.02841,0.02565,0.0337,0.0166,-0.000977,0.0004883,-0.2007,0.002213,0.002762,-0.0001373,0.000412
"('L8H1', 'L8H1', 'L8H1', 'L8H1', 'L8H1')",0.5615,0.0783,0.56,0.0774,0.777,0.05063,0.7783,0.04807,-0.011826,-0.001591,0.02307,0.01277,-0.00696,-0.001582,0.02284,0.013275,0.001465,0.001465,-0.2153,-0.01024,-0.00538,-0.004864,-8.6e-06
"('L8H2', 'L8H2', 'L8H2', 'L8H2', 'L8H2')",0.55,0.0733,0.5566,0.0748,0.7793,0.0477,0.78,0.04498,0.00586,0.00952,0.02048,0.01697,0.00863,0.00813,0.02287,0.01475,-0.006836,0.0004883,-0.2295,-0.003662,0.000496,-0.00277,0.001389
"('L8H3', 'L8H3', 'L8H3', 'L8H3', 'L8H3')",0.556,0.08057,0.5615,0.07965,0.7827,0.0504,0.7837,0.0484,0.0324,0.03848,0.02802,0.0219,0.0317,0.03702,0.0291,0.0207,-0.00537,0.000977,-0.2266,-0.006073,-0.00531,0.000702,0.001465
"('L8H4', 'L8H4', 'L8H4', 'L8H4', 'L8H4')",0.56,0.0679,0.5566,0.0667,0.724,0.03986,0.725,0.0374,0.03568,0.048,0.06024,0.02982,0.03354,0.04532,0.058,0.02953,0.003418,0.000977,-0.1641,-0.01233,-0.01178,0.002136,0.002686
"('L8H5', 'L8H5', 'L8H5', 'L8H5', 'L8H5')",0.5605,0.077,0.5596,0.0754,0.7744,0.04956,0.775,0.04764,-0.04446,-0.0385,0.0365,0.02193,-0.0531,-0.04053,0.0425,0.021,0.000977,0.0004883,-0.2139,-0.00595,-0.01257,0.00864,0.002014
"('L8H6', 'L8H6', 'L8H6', 'L8H6', 'L8H6')",0.5386,0.0732,0.543,0.0751,0.7827,0.04996,0.7827,0.04706,0.00887,0.011475,0.01411,0.0109,0.009155,0.01165,0.01598,0.01042,-0.004395,0.0,-0.2441,-0.002602,-0.002495,-0.0002823,-0.0001755
"('L8H7', 'L8H7', 'L8H7', 'L8H7', 'L8H7')",0.5664,0.07336,0.568,0.07153,0.761,0.04892,0.763,0.0465,0.0785,0.0756,0.05264,0.03049,0.0808,0.07587,0.05923,0.03168,-0.001465,0.001953,-0.1948,0.002869,0.004944,-0.00232,-0.0002441
"('L8H8', 'L8H8', 'L8H8', 'L8H8', 'L8H8')",0.5547,0.0767,0.5547,0.07465,0.775,0.04935,0.7744,0.04788,0.0179,0.01208,0.02689,0.015594,0.01497,0.01333,0.02498,0.015495,0.0,-0.0004883,-0.2202,0.00582,0.00164,0.00293,-0.001251
"('L8H9', 'L8H9', 'L8H9', 'L8H9', 'L8H9')",0.5703,0.07715,0.5703,0.0756,0.77,0.0509,0.769,0.0493,0.03568,0.02805,0.0429,0.03183,0.03284,0.0288,0.0436,0.03122,0.0,-0.000977,-0.1997,0.00763,0.004044,0.002838,-0.0007477
"('L8H10', 'L8H10', 'L8H10', 'L8H10', 'L8H10')",0.5513,0.0764,0.5527,0.07513,0.7793,0.05057,0.7812,0.04724,-0.001391,0.0001655,0.02693,0.01504,-2.94e-05,0.000423,0.02856,0.01503,-0.001465,0.001953,-0.228,-0.001556,-0.0004523,-0.001362,-0.0002575
"('L8H11', 'L8H11', 'L8H11', 'L8H11', 'L8H11')",0.567,0.0789,0.5664,0.07404,0.76,0.04755,0.759,0.04532,0.0341,0.03796,0.0635,0.02812,0.03925,0.038,0.06494,0.02878,0.0004883,-0.000977,-0.1929,-0.003876,0.001251,-0.005157,-3.05e-05
"('L8H12', 'L8H12', 'L8H12', 'L8H12', 'L8H12')",0.5625,0.0772,0.558,0.0736,0.7754,0.04974,0.775,0.04727,-0.002728,0.009636,0.03348,0.02353,0.003613,0.00953,0.03934,0.02371,0.004395,-0.0004883,-0.2129,-0.01236,-0.005917,-0.00634,0.0001068
"('L8H13', 'L8H13', 'L8H13', 'L8H13', 'L8H13')",0.5522,0.07996,0.553,0.07623,0.775,0.05026,0.775,0.0481,0.01246,0.01515,0.0268,0.0134,0.010895,0.014015,0.02626,0.01264,-0.000977,0.0,-0.2227,-0.002693,-0.00312,0.001564,0.001137
"('L8H14', 'L8H14', 'L8H14', 'L8H14', 'L8H14')",0.5693,0.0775,0.568,0.0748,0.781,0.04987,0.7817,0.04715,0.02132,0.02441,0.03397,0.01671,0.01738,0.02406,0.0307,0.0176,0.001465,0.000977,-0.2114,-0.003098,-0.006683,0.003937,0.000351
"('L8H15', 'L8H15', 'L8H15', 'L8H15', 'L8H15')",0.5605,0.07654,0.5586,0.07324,0.76,0.04752,0.7607,0.04517,0.05518,0.07184,0.05838,0.0311,0.06384,0.0696,0.05695,0.02956,0.001953,0.000977,-0.1992,-0.01666,-0.005737,-0.00867,0.002258
"('L9H0', 'L9H0', 'L9H0', 'L9H0', 'L9H0')",0.5596,0.07666,0.5547,0.07587,0.781,0.05103,0.7817,0.04883,-0.0417,-0.04712,0.03017,0.01978,-0.04428,-0.04666,0.03345,0.01953,0.004883,0.000977,-0.2212,0.005432,0.00238,0.002594,-0.0004578
"('L9H1', 'L9H1', 'L9H1', 'L9H1', 'L9H1')",0.5347,0.07336,0.5347,0.0731,0.771,0.05096,0.772,0.0489,0.03992,0.04047,0.02849,0.014946,0.03864,0.03995,0.02686,0.01501,0.0,0.000977,-0.2363,-0.0005493,-0.001312,0.001282,0.000519
"('L9H2', 'L9H2', 'L9H2', 'L9H2', 'L9H2')",0.5444,0.08014,0.545,0.0777,0.775,0.04825,0.775,0.04776,0.02475,0.0267,0.02586,0.01663,0.023,0.02573,0.0246,0.02002,-0.0004883,0.0,-0.2305,-0.001953,-0.002731,0.001755,0.000977
"('L9H3', 'L9H3', 'L9H3', 'L9H3', 'L9H3')",0.566,0.07654,0.5625,0.07367,0.769,0.04996,0.7686,0.0476,0.012375,0.01361,0.0421,0.02013,0.01251,0.014984,0.0386,0.02032,0.003418,-0.0004883,-0.2031,-0.001236,-0.002472,-0.0001373,-0.001373
"('L9H4', 'L9H4', 'L9H4', 'L9H4', 'L9H4')",0.5635,0.076,0.564,0.07416,0.7773,0.04993,0.778,0.0472,0.003874,0.006516,0.03583,0.01804,0.006504,0.005142,0.03604,0.01785,-0.0004883,0.0004883,-0.2139,-0.002642,0.001362,-0.00263,0.001373
"('L9H5', 'L9H5', 'L9H5', 'L9H5', 'L9H5')",0.5522,0.0775,0.556,0.07733,0.7773,0.0496,0.779,0.04712,0.005222,0.00777,0.02278,0.014885,0.004677,0.005833,0.02422,0.01482,-0.003906,0.001465,-0.2251,-0.002548,-0.001156,0.0005455,0.001938
"('L9H6', 'L9H6', 'L9H6', 'L9H6', 'L9H6')",0.5645,0.079,0.5596,0.07623,0.7866,0.05194,0.7876,0.04935,0.02185,0.02826,0.028,0.0168,0.02513,0.02667,0.02708,0.017,0.004883,0.000977,-0.2222,-0.00641,-0.001541,-0.00328,0.001587
"('L9H7', 'L9H7', 'L9H7', 'L9H7', 'L9H7')",0.5786,0.0792,0.5757,0.0763,0.7505,0.04547,0.7495,0.04407,0.06866,0.04416,0.0847,0.0299,0.0671,0.04694,0.0803,0.03317,0.00293,-0.000977,-0.1719,0.0245,0.02014,0.001587,-0.002777
"('L9H8', 'L9H8', 'L9H8', 'L9H8', 'L9H8')",0.5396,0.07275,0.545,0.0744,0.776,0.04987,0.774,0.04877,0.02327,0.0259,0.02496,0.01656,0.02422,0.02629,0.02782,0.0166,-0.00537,-0.001953,-0.2363,-0.002625,-0.002075,-0.000946,-0.0003967
"('L9H9', 'L9H9', 'L9H9', 'L9H9', 'L9H9')",0.5356,0.0759,0.535,0.07477,0.779,0.05124,0.78,0.0493,-0.05487,-0.04315,0.03674,0.01906,-0.0435,-0.04288,0.03552,0.01947,0.0004883,0.000977,-0.2432,-0.01172,-0.0006104,-0.01138,-0.0002747
"('L9H10', 'L9H10', 'L9H10', 'L9H10', 'L9H10')",0.539,0.0754,0.537,0.07495,0.771,0.05038,0.772,0.0484,0.01214,0.01633,0.01224,0.007614,0.0131,0.01564,0.011406,0.00725,0.001953,0.000977,-0.2319,-0.00419,-0.00254,-0.0009613,0.0006866
"('L9H11', 'L9H11', 'L9H11', 'L9H11', 'L9H11')",0.5713,0.0754,0.5664,0.0729,0.767,0.04852,0.769,0.04605,0.04562,0.04077,0.04306,0.02231,0.05484,0.04178,0.05136,0.0224,0.004883,0.001953,-0.1958,0.004852,0.01306,-0.00922,-0.001007
"('L9H12', 'L9H12', 'L9H12', 'L9H12', 'L9H12')",0.5435,0.0764,0.54,0.0753,0.7705,0.04987,0.7725,0.0477,0.01145,0.01756,0.01165,0.00939,0.012856,0.01715,0.012405,0.00895,0.003418,0.001953,-0.227,-0.00611,-0.004295,-0.001404,0.000412
"('L9H13', 'L9H13', 'L9H13', 'L9H13', 'L9H13')",0.5645,0.07764,0.5664,0.0768,0.7817,0.0506,0.7827,0.04767,0.07416,0.08093,0.04938,0.03513,0.07904,0.0793,0.04788,0.03506,-0.001953,0.000977,-0.2173,-0.006775,-0.0002441,-0.004883,0.001648
"('L9H14', 'L9H14', 'L9H14', 'L9H14', 'L9H14')",0.565,0.0776,0.561,0.076,0.7754,0.04968,0.777,0.04727,-0.05063,-0.04532,0.02856,0.0167,-0.04877,-0.04654,0.0262,0.0158,0.003906,0.001465,-0.2104,-0.00531,-0.002228,-0.001862,0.001221
"('L9H15', 'L9H15', 'L9H15', 'L9H15', 'L9H15')",0.546,0.0734,0.549,0.07275,0.777,0.0513,0.777,0.0491,0.01487,0.003052,0.0355,0.0217,0.00913,0.005333,0.04083,0.02065,-0.00293,0.0,-0.231,0.01182,0.0038,0.005737,-0.002281
"('L10H0', 'L10H0', 'L10H0', 'L10H0', 'L10H0')",0.53,0.07434,0.533,0.0745,0.7744,0.05017,0.7734,0.04837,0.01057,0.011154,0.01245,0.005478,0.00961,0.01093,0.01103,0.005604,-0.003418,-0.000977,-0.2446,-0.0005875,-0.00132,0.0009537,0.0002213
"('L10H1', 'L10H1', 'L10H1', 'L10H1', 'L10H1')",0.5674,0.07733,0.569,0.0749,0.7563,0.04608,0.7554,0.04474,0.02998,0.03552,0.04688,0.02884,0.03766,0.0371,0.05368,0.02887,-0.001465,-0.000977,-0.189,-0.00554,0.0005493,-0.007675,-0.001587
"('L10H2', 'L10H2', 'L10H2', 'L10H2', 'L10H2')",0.566,0.0746,0.563,0.0728,0.7666,0.04794,0.767,0.045,0.0005445,0.01021,0.04504,0.02417,0.005833,0.00993,0.05353,0.02475,0.00293,0.0004883,-0.2007,-0.00967,-0.0041,-0.005287,0.0002747
"('L10H3', 'L10H3', 'L10H3', 'L10H3', 'L10H3')",0.5605,0.0778,0.5586,0.07574,0.779,0.0512,0.78,0.04877,0.02429,0.03888,0.02167,0.02399,0.03052,0.03784,0.02452,0.02032,0.001953,0.000977,-0.2183,-0.01459,-0.007324,-0.006226,0.001038
"('L10H4', 'L10H4', 'L10H4', 'L10H4', 'L10H4')",0.5347,0.074,0.534,0.07355,0.7666,0.05118,0.768,0.0491,0.02684,0.02524,0.02586,0.013695,0.0251,0.02571,0.02223,0.01311,0.0004883,0.001465,-0.2319,0.001602,-0.0006104,0.0017395,-0.000473
"('L10H5', 'L10H5', 'L10H5', 'L10H5', 'L10H5')",0.5522,0.07574,0.5547,0.0759,0.779,0.04968,0.779,0.04785,-0.0666,-0.0794,0.034,0.02621,-0.07367,-0.0785,0.03915,0.02509,-0.002441,0.0,-0.2266,0.01282,0.00482,0.00708,-0.0009155
"('L10H6', 'L10H6', 'L10H6', 'L10H6', 'L10H6')",0.5415,0.0777,0.5474,0.0766,0.7876,0.0513,0.7876,0.04883,0.003145,0.00302,0.00972,0.00889,0.002855,0.00285,0.01262,0.009125,-0.00586,0.0,-0.2461,0.0001259,5.7e-06,0.00029,0.0001698
"('L10H7', 'L10H7', 'L10H7', 'L10H7', 'L10H7')",0.546,0.0739,0.5493,0.0741,0.7783,0.0494,0.7773,0.0476,-0.03873,-0.02946,0.03458,0.01915,-0.03705,-0.03111,0.03418,0.01894,-0.003418,-0.000977,-0.2324,-0.00926,-0.005936,-0.001678,0.001648
"('L10H8', 'L10H8', 'L10H8', 'L10H8', 'L10H8')",0.5317,0.075,0.5347,0.074,0.7744,0.05032,0.7734,0.04898,-0.00814,-0.001186,0.01068,0.008354,-0.002869,-0.001097,0.0121,0.00837,-0.00293,-0.000977,-0.2427,-0.006954,-0.001772,-0.005272,-8.965e-05
"('L10H9', 'L10H9', 'L10H9', 'L10H9', 'L10H9')",0.5327,0.0743,0.533,0.0742,0.769,0.05038,0.7695,0.04813,0.00811,0.00909,0.01659,0.01099,0.007755,0.00887,0.01468,0.01048,-0.0004883,0.0004883,-0.2363,-0.000977,-0.001118,0.0003548,0.0002136
"('L10H10', 'L10H10', 'L10H10', 'L10H10', 'L10H10')",0.568,0.07745,0.569,0.07587,0.7656,0.0496,0.765,0.04758,0.1122,0.11316,0.07,0.0486,0.10156,0.11096,0.0646,0.04712,-0.000977,-0.0004883,-0.1978,-0.000977,-0.0094,0.01062,0.002197
"('L10H11', 'L10H11', 'L10H11', 'L10H11', 'L10H11')",0.5405,0.0732,0.548,0.07654,0.78,0.05023,0.778,0.04874,0.02022,0.0301,0.02565,0.02757,0.041,0.03102,0.06055,0.02744,-0.007324,-0.001953,-0.2393,-0.00989,0.009964,-0.02077,-0.0009155
"('L10H12', 'L10H12', 'L10H12', 'L10H12', 'L10H12')",0.555,0.08057,0.5537,0.0765,0.7783,0.0502,0.778,0.0479,0.008064,0.02533,0.02321,0.02048,0.01405,0.02312,0.0271,0.01974,0.001465,-0.0004883,-0.2231,-0.01727,-0.00906,-0.00599,0.002213
"('L10H13', 'L10H13', 'L10H13', 'L10H13', 'L10H13')",0.55,0.0728,0.554,0.07336,0.7764,0.04984,0.777,0.04672,0.02643,0.02617,0.03238,0.02007,0.02588,0.02623,0.03674,0.01945,-0.004395,0.0004883,-0.2266,0.0002594,-0.000351,0.0005493,-6.104e-05
"('L10H14', 'L10H14', 'L10H14', 'L10H14', 'L10H14')",0.577,0.07574,0.5757,0.07446,0.771,0.04715,0.7715,0.04565,0.0675,0.065,0.04422,0.0333,0.0632,0.06714,0.04645,0.0305,0.001465,0.0004883,-0.1938,0.002502,-0.003967,0.004333,-0.002136
"('L10H15', 'L10H15', 'L10H15', 'L10H15', 'L10H15')",0.531,0.0762,0.541,0.07587,0.777,0.0511,0.776,0.04895,0.003784,0.001485,0.011635,0.01083,0.005344,0.001845,0.01596,0.01067,-0.010254,-0.000977,-0.2461,0.0023,0.003498,-0.00156,-0.0003605
"('L11H0', 'L11H0', 'L11H0', 'L11H0', 'L11H0')",0.5396,0.0787,0.5396,0.076,0.773,0.0488,0.7725,0.04785,0.003445,0.0198,0.01022,0.02338,0.012856,0.01785,0.02823,0.02132,0.0,-0.0004883,-0.2334,-0.01636,-0.004997,-0.009415,0.001953
"('L11H1', 'L11H1', 'L11H1', 'L11H1', 'L11H1')",0.548,0.0719,0.553,0.07404,0.7812,0.05038,0.7803,0.04776,0.03375,0.0261,0.03262,0.01697,0.0347,0.02846,0.03723,0.01701,-0.00537,-0.000977,-0.2334,0.00766,0.00624,-0.000946,-0.002365
"('L11H2', 'L11H2', 'L11H2', 'L11H2', 'L11H2')",0.5684,0.0676,0.5684,0.06946,0.709,0.04037,0.71,0.03986,-0.04562,-0.04016,0.04288,0.0221,-0.03705,-0.041,0.04047,0.02106,0.0,0.000977,-0.1406,-0.005463,0.003937,-0.008575,0.000824
"('L11H3', 'L11H3', 'L11H3', 'L11H3', 'L11H3')",0.548,0.07605,0.551,0.0759,0.7783,0.05133,0.7793,0.04932,0.000822,0.000508,0.02736,0.0192,0.000661,-0.0001131,0.02788,0.01906,-0.00293,0.000977,-0.2305,0.0003142,0.000774,0.0001612,0.000621
"('L11H4', 'L11H4', 'L11H4', 'L11H4', 'L11H4')",0.568,0.0823,0.56,0.0771,0.7812,0.05035,0.7817,0.04758,0.013435,0.00467,0.0303,0.02428,0.00988,0.005615,0.03174,0.02266,0.007812,0.0004883,-0.2134,0.008766,0.004265,0.003555,-0.000946
"('L11H5', 'L11H5', 'L11H5', 'L11H5', 'L11H5')",0.5303,0.0776,0.536,0.07825,0.7817,0.0509,0.78,0.04968,0.007965,0.01323,0.01721,0.014305,0.00818,0.012184,0.01469,0.01273,-0.00586,-0.001953,-0.2515,-0.005264,-0.004005,-0.0002136,0.001045
"('L11H6', 'L11H6', 'L11H6', 'L11H6', 'L11H6')",0.5356,0.0731,0.5405,0.0749,0.78,0.05096,0.7793,0.04813,0.01332,0.01354,0.01733,0.01128,0.01723,0.014465,0.023,0.01087,-0.004883,-0.0004883,-0.2441,-0.0002213,0.002762,-0.003906,-0.000923
"('L11H7', 'L11H7', 'L11H7', 'L11H7', 'L11H7')",0.5737,0.0811,0.5625,0.07635,0.772,0.0488,0.7725,0.04587,0.01149,0.01327,0.05237,0.02603,0.01491,0.01393,0.05542,0.02617,0.01123,0.0004883,-0.1982,-0.001778,0.000977,-0.003418,-0.0006638
"('L11H8', 'L11H8', 'L11H8', 'L11H8', 'L11H8')",0.5317,0.0737,0.5356,0.07404,0.7773,0.05148,0.7764,0.0489,0.0363,0.04364,0.02072,0.013794,0.0342,0.04236,0.02179,0.01346,-0.003906,-0.000977,-0.2456,-0.007355,-0.00815,0.002075,0.001282
"('L11H9', 'L11H9', 'L11H9', 'L11H9', 'L11H9')",0.564,0.0788,0.556,0.07666,0.768,0.04904,0.7695,0.04623,0.01499,0.0419,0.04977,0.02707,0.02943,0.04053,0.04703,0.02657,0.007812,0.001465,-0.2041,-0.02692,-0.01109,-0.01444,0.001373
"('L11H10', 'L11H10', 'L11H10', 'L11H10', 'L11H10')",0.5273,0.07684,0.533,0.07574,0.779,0.04932,0.7773,0.04855,-0.0004327,0.01391,0.008606,0.04752,0.003366,0.01033,0.02016,0.02147,-0.00586,-0.001465,-0.2515,-0.01434,-0.006966,-0.0038,0.003578
"('L11H11', 'L11H11', 'L11H11', 'L11H11', 'L11H11')",0.559,0.0732,0.561,0.0733,0.768,0.04892,0.769,0.0468,0.1174,0.10046,0.0539,0.03384,0.114,0.10126,0.0608,0.0334,-0.001953,0.000977,-0.209,0.0169,0.01276,0.003357,-0.0007935
"('L11H12', 'L11H12', 'L11H12', 'L11H12', 'L11H12')",0.5327,0.074,0.5405,0.0767,0.78,0.05072,0.778,0.04935,0.007004,0.0158,0.03125,0.01797,0.01278,0.015015,0.02893,0.01674,-0.007812,-0.001953,-0.2471,-0.00879,-0.002235,-0.005775,0.000778
"('L11H13', 'L11H13', 'L11H13', 'L11H13', 'L11H13')",0.5474,0.07806,0.557,0.0768,0.7793,0.05,0.7803,0.04675,0.0496,0.05777,0.02725,0.01997,0.0561,0.0592,0.03195,0.02095,-0.009766,0.000977,-0.2319,-0.00818,-0.003113,-0.0065,-0.001434
"('L11H14', 'L11H14', 'L11H14', 'L11H14', 'L11H14')",0.5586,0.07654,0.562,0.076,0.776,0.04984,0.7764,0.0479,0.07355,0.06805,0.0551,0.04092,0.07043,0.0674,0.04965,0.03976,-0.003418,0.0004883,-0.2173,0.005493,0.003052,0.003113,0.0006714
"('L11H15', 'L11H15', 'L11H15', 'L11H15', 'L11H15')",0.5464,0.0756,0.55,0.077,0.7783,0.04984,0.7793,0.04706,-0.0643,-0.062,0.04306,0.02565,-0.05515,-0.06305,0.0427,0.02484,-0.003418,0.000977,-0.2319,-0.002258,0.007904,-0.009125,0.001038
"('L12H0', 'L12H0', 'L12H0', 'L12H0', 'L12H0')",0.5293,0.0761,0.5356,0.07697,0.776,0.0498,0.7754,0.04752,0.00813,0.01409,0.012764,0.006657,0.010185,0.01365,0.01029,0.00661,-0.006348,-0.0004883,-0.2466,-0.00596,-0.003464,-0.002052,0.0004425
"('L12H1', 'L12H1', 'L12H1', 'L12H1', 'L12H1')",0.5522,0.07935,0.554,0.0775,0.779,0.05,0.7793,0.04773,-0.01677,-0.008766,0.02953,0.01706,-0.01258,-0.00861,0.02731,0.01682,-0.001953,0.0004883,-0.2266,-0.008,-0.003967,-0.00419,-0.0001526
"('L12H2', 'L12H2', 'L12H2', 'L12H2', 'L12H2')",0.5557,0.0752,0.5605,0.0762,0.7783,0.04782,0.779,0.0452,-0.03815,-0.0375,0.02666,0.02223,-0.03815,-0.0394,0.03357,0.02187,-0.004883,0.0004883,-0.2227,-0.000641,0.001251,0.0,0.001892
"('L12H3', 'L12H3', 'L12H3', 'L12H3', 'L12H3')",0.5635,0.067,0.5615,0.06915,0.732,0.0432,0.733,0.04196,0.02837,0.0343,0.04587,0.02417,0.02437,0.0315,0.04697,0.02382,0.001953,0.000977,-0.1685,-0.005936,-0.007126,0.003998,0.002808
"('L12H4', 'L12H4', 'L12H4', 'L12H4', 'L12H4')",0.517,0.0748,0.5356,0.07983,0.8057,0.0529,0.8003,0.0519,0.001871,-0.000832,0.006817,0.00949,0.001099,-0.0004237,0.01069,0.008125,-0.01855,-0.00537,-0.2886,0.002703,0.001522,0.0007725,-0.0004084
"('L12H5', 'L12H5', 'L12H5', 'L12H5', 'L12H5')",0.572,0.0775,0.573,0.0763,0.768,0.04807,0.769,0.04623,-0.0623,-0.05408,0.0455,0.02649,-0.06036,-0.05582,0.04758,0.02559,-0.001465,0.000977,-0.1963,-0.00821,-0.004547,-0.001923,0.0017395
"('L12H6', 'L12H6', 'L12H6', 'L12H6', 'L12H6')",0.536,0.0749,0.5444,0.0759,0.7812,0.04993,0.7793,0.04843,-0.003397,-0.002262,0.01875,0.01197,-0.001913,-0.00219,0.01846,0.011765,-0.0083,-0.001953,-0.2451,-0.001135,0.0002766,-0.001484,-7.25e-05
"('L12H7', 'L12H7', 'L12H7', 'L12H7', 'L12H7')",0.5537,0.07367,0.5557,0.074,0.7764,0.05075,0.776,0.04807,-0.1035,-0.0924,0.04648,0.02858,-0.10956,-0.094,0.0534,0.02774,-0.001953,-0.0004883,-0.2227,-0.01111,-0.015564,0.006042,0.001587
"('L12H8', 'L12H8', 'L12H8', 'L12H8', 'L12H8')",0.5776,0.0765,0.578,0.07416,0.75,0.04477,0.7495,0.0431,0.10443,0.10986,0.07117,0.04135,0.12274,0.11127,0.088,0.04126,-0.0004883,-0.0004883,-0.1724,-0.005432,0.011475,-0.01831,-0.001404
"('L12H9', 'L12H9', 'L12H9', 'L12H9', 'L12H9')",0.5684,0.0729,0.5728,0.07294,0.762,0.04803,0.764,0.04593,0.1184,0.1205,0.07074,0.05072,0.1324,0.12036,0.0829,0.05087,-0.004395,0.001953,-0.1938,-0.002075,0.012085,-0.01404,0.0001221
"('L12H10', 'L12H10', 'L12H10', 'L12H10', 'L12H10')",0.55,0.0841,0.5527,0.07947,0.779,0.0505,0.7773,0.04837,0.01164,0.0608,0.02132,0.1293,0.02281,0.05267,0.0703,0.0977,-0.00293,-0.001465,-0.229,-0.04913,-0.02986,-0.01117,0.00812
"('L12H11', 'L12H11', 'L12H11', 'L12H11', 'L12H11')",0.5327,0.0759,0.537,0.0755,0.7744,0.05026,0.7744,0.0483,0.00569,0.0117,0.01706,0.01218,0.008934,0.010826,0.0191,0.01036,-0.004395,0.0,-0.2417,-0.006012,-0.001892,-0.003242,0.0008774
"('L12H12', 'L12H12', 'L12H12', 'L12H12', 'L12H12')",0.569,0.0784,0.5625,0.07416,0.768,0.04813,0.769,0.0446,0.0694,0.01203,0.06635,0.04553,0.04523,0.01788,0.0679,0.04306,0.006348,0.000977,-0.1992,0.05737,0.02734,0.02417,-0.00585
"('L12H13', 'L12H13', 'L12H13', 'L12H13', 'L12H13')",0.526,0.07587,0.5356,0.0765,0.7827,0.05176,0.782,0.04904,-0.007336,-0.00857,0.005062,0.003681,-0.007114,-0.00844,0.006546,0.00375,-0.009766,-0.0004883,-0.2568,0.001232,0.001324,-0.0002213,-0.0001297
"('L12H14', 'L12H14', 'L12H14', 'L12H14', 'L12H14')",0.548,0.07996,0.5425,0.07837,0.7754,0.05157,0.777,0.05035,0.011215,0.02061,0.02324,0.02582,0.01735,0.022,0.02942,0.0262,0.00537,0.001465,-0.2275,-0.0094,-0.004654,-0.006134,-0.001389
"('L12H15', 'L12H15', 'L12H15', 'L12H15', 'L12H15')",0.534,0.0752,0.541,0.0757,0.7773,0.05118,0.7764,0.04962,0.01704,0.01545,0.02675,0.01746,0.01915,0.0159,0.02878,0.01717,-0.006836,-0.000977,-0.2432,0.001595,0.00325,-0.002106,-0.0004501
"('L13H0', 'L13H0', 'L13H0', 'L13H0', 'L13H0')",0.546,0.07526,0.55,0.0762,0.7773,0.0506,0.7773,0.0481,0.03336,0.0319,0.0852,0.04062,0.0354,0.0321,0.0794,0.0425,-0.003906,0.0,-0.2314,0.001465,0.003296,-0.002045,-0.0002136
"('L13H1', 'L13H1', 'L13H1', 'L13H1', 'L13H1')",0.53,0.07526,0.535,0.0764,0.777,0.0509,0.7754,0.0488,0.01458,0.02774,0.02533,0.03137,0.01633,0.02701,0.0294,0.0326,-0.00537,-0.001465,-0.2471,-0.01316,-0.01068,-0.001747,0.0007324
"('L13H2', 'L13H2', 'L13H2', 'L13H2', 'L13H2')",0.54,0.0739,0.5464,0.076,0.7793,0.05057,0.7783,0.04886,0.014946,0.01634,0.03073,0.01999,0.01617,0.0161,0.02847,0.0186,-0.006348,-0.000977,-0.2393,-0.001396,7.63e-05,-0.001228,0.0002441
"('L13H3', 'L13H3', 'L13H3', 'L13H3', 'L13H3')",0.564,0.0708,0.5635,0.07,0.7295,0.04318,0.731,0.04184,-0.02026,-0.02231,0.033,0.01526,-0.0229,-0.02106,0.03232,0.01484,0.0004883,0.001465,-0.1655,0.002045,-0.001846,0.00264,-0.001251
"('L13H4', 'L13H4', 'L13H4', 'L13H4', 'L13H4')",0.53,0.0989,0.5303,0.0986,0.8193,0.0655,0.821,0.0632,0.2415,0.2712,0.08203,0.05923,0.2333,0.2654,0.0918,0.05618,-0.0004883,0.001465,-0.2896,-0.02979,-0.0321,0.00818,0.00586
"('L13H5', 'L13H5', 'L13H5', 'L13H5', 'L13H5')",0.551,0.0755,0.5527,0.07465,0.777,0.04962,0.778,0.04803,0.02478,0.02339,0.0353,0.02037,0.02737,0.0235,0.0389,0.02,-0.001953,0.000977,-0.2261,0.001389,0.003876,-0.002594,-0.0001068
"('L13H6', 'L13H6', 'L13H6', 'L13H6', 'L13H6')",0.5317,0.0776,0.539,0.0784,0.7837,0.05133,0.7817,0.04987,0.02113,0.01714,0.01688,0.01319,0.01548,0.01698,0.02081,0.01321,-0.007324,-0.001953,-0.252,0.003998,-0.001503,0.005653,0.0001526
"('L13H7', 'L13H7', 'L13H7', 'L13H7', 'L13H7')",0.5386,0.07965,0.5396,0.0773,0.7803,0.05243,0.7817,0.0495,-0.01569,-0.01775,0.02248,0.01598,-0.01365,-0.01721,0.02281,0.01585,-0.000977,0.001465,-0.2417,0.00206,0.003563,-0.002037,-0.000534
"('L13H8', 'L13H8', 'L13H8', 'L13H8', 'L13H8')",0.573,0.07794,0.574,0.07513,0.755,0.0468,0.755,0.0445,0.1981,0.1554,0.1663,0.0836,0.1757,0.1558,0.1293,0.0826,-0.000977,0.0,-0.1816,0.04272,0.0199,0.02246,-0.0003662
"('L13H9', 'L13H9', 'L13H9', 'L13H9', 'L13H9')",0.5635,0.0657,0.5615,0.06836,0.717,0.0433,0.7173,0.03955,-0.02716,-0.01365,0.04126,0.01799,-0.01642,-0.01301,0.03967,0.01808,0.001953,0.0004883,-0.1533,-0.01351,-0.00341,-0.01074,-0.000641
"('L13H10', 'L13H10', 'L13H10', 'L13H10', 'L13H10')",0.533,0.08264,0.538,0.0802,0.7783,0.05115,0.778,0.04877,0.00197,0.00349,0.01156,0.00825,0.003094,0.003014,0.012314,0.007793,-0.004883,-0.0004883,-0.2451,-0.00152,8.01e-05,-0.001123,0.0004768
"('L13H11', 'L13H11', 'L13H11', 'L13H11', 'L13H11')",0.56,0.0771,0.562,0.0765,0.778,0.05045,0.779,0.0481,-0.02287,-0.01819,0.034,0.01767,-0.02658,-0.01839,0.03845,0.01715,-0.001953,0.000977,-0.2178,-0.004684,-0.008194,0.003708,0.0001984
"('L13H12', 'L13H12', 'L13H12', 'L13H12', 'L13H12')",0.543,0.07526,0.539,0.0731,0.7666,0.04944,0.7676,0.04752,0.01921,0.02287,0.0305,0.02208,0.02075,0.0225,0.03053,0.0196,0.003906,0.000977,-0.2236,-0.003662,-0.001755,-0.001541,0.0003662
"('L13H13', 'L13H13', 'L13H13', 'L13H13', 'L13H13')",0.558,0.0754,0.5576,0.0752,0.7734,0.05093,0.7744,0.04877,0.07666,0.0344,0.1034,0.03262,0.09235,0.0383,0.108,0.0389,0.0004883,0.000977,-0.2153,0.04227,0.05405,-0.01569,-0.003906
"('L13H14', 'L13H14', 'L13H14', 'L13H14', 'L13H14')",0.552,0.08124,0.5513,0.07745,0.773,0.04913,0.7744,0.04736,0.02019,0.03192,0.04013,0.0418,0.0174,0.0278,0.04507,0.03375,0.0004883,0.001465,-0.2212,-0.011734,-0.01041,0.002792,0.00412
"('L13H15', 'L13H15', 'L13H15', 'L13H15', 'L13H15')",0.5347,0.07446,0.538,0.0749,0.772,0.05054,0.772,0.04895,0.02094,0.0147,0.02548,0.01065,0.02657,0.01554,0.05624,0.01336,-0.003418,0.0,-0.2373,0.006233,0.011024,-0.00563,-0.000839
"('L14H0', 'L14H0', 'L14H0', 'L14H0', 'L14H0')",0.5312,0.0755,0.538,0.07556,0.776,0.05063,0.775,0.0492,0.005882,0.00485,0.03146,0.0151,0.010506,0.005177,0.03772,0.01482,-0.006836,-0.000977,-0.2446,0.001034,0.00533,-0.004623,-0.000328
"('L14H1', 'L14H1', 'L14H1', 'L14H1', 'L14H1')",0.5464,0.0696,0.547,0.0703,0.7485,0.04807,0.749,0.0462,-0.00833,-0.006393,0.02959,0.014725,-0.00925,-0.006733,0.03638,0.01501,-0.0004883,0.0004883,-0.2021,-0.001938,-0.002514,0.0009155,0.0003395
"('L14H2', 'L14H2', 'L14H2', 'L14H2', 'L14H2')",0.554,0.07697,0.558,0.0767,0.7754,0.05,0.7754,0.0486,0.02173,0.03976,0.04245,0.03534,0.03564,0.0398,0.04794,0.03482,-0.003906,0.0,-0.2212,-0.01804,-0.00415,-0.013916,-3.05e-05
"('L14H3', 'L14H3', 'L14H3', 'L14H3', 'L14H3')",0.531,0.08746,0.5396,0.08746,0.7886,0.0512,0.787,0.0499,0.08716,0.08954,0.03047,0.01962,0.0802,0.08813,0.03217,0.01895,-0.00879,-0.001465,-0.2578,-0.00238,-0.007935,0.006958,0.001404
"('L14H4', 'L14H4', 'L14H4', 'L14H4', 'L14H4')",0.5464,0.0774,0.55,0.077,0.772,0.05045,0.773,0.04825,0.02377,0.03754,0.0653,0.05774,0.02322,0.03687,0.0809,0.05435,-0.003418,0.000977,-0.2256,-0.01376,-0.01364,0.0005493,0.0006714
"('L14H5', 'L14H5', 'L14H5', 'L14H5', 'L14H5')",0.565,0.07886,0.558,0.07715,0.772,0.05188,0.7744,0.0485,0.1188,0.04355,0.1481,0.04202,0.05194,0.04492,0.0847,0.04114,0.006836,0.002441,-0.207,0.0752,0.00702,0.06683,-0.001373
"('L14H6', 'L14H6', 'L14H6', 'L14H6', 'L14H6')",0.5327,0.0753,0.5366,0.0768,0.779,0.05075,0.778,0.04858,-0.003967,-0.004215,0.01367,0.010506,-0.005962,-0.003914,0.00977,0.01095,-0.003906,-0.000977,-0.2461,0.000248,-0.002048,0.001995,-0.0003014
"('L14H7', 'L14H7', 'L14H7', 'L14H7', 'L14H7')",0.5547,0.0765,0.5566,0.0766,0.773,0.05164,0.775,0.04913,0.06537,0.03427,0.1403,0.05685,0.0411,0.03537,0.1032,0.05835,-0.001953,0.001953,-0.2183,0.0311,0.005737,0.02426,-0.001099
"('L14H8', 'L14H8', 'L14H8', 'L14H8', 'L14H8')",0.5723,0.07965,0.5703,0.07715,0.759,0.0467,0.7593,0.04492,0.0143,0.01614,0.10315,0.0348,0.03384,0.02072,0.1064,0.037,0.001953,0.0004883,-0.1865,-0.001846,0.01312,-0.01955,-0.004578
"('L14H9', 'L14H9', 'L14H9', 'L14H9', 'L14H9')",0.5664,0.0774,0.5654,0.0755,0.776,0.0493,0.777,0.04694,0.1422,0.09845,0.2125,0.08704,0.10876,0.09814,0.1819,0.0883,0.000977,0.000977,-0.2095,0.04376,0.01062,0.03345,0.0003052
"('L14H10', 'L14H10', 'L14H10', 'L14H10', 'L14H10')",0.528,0.07446,0.54,0.079,0.799,0.05536,0.7935,0.0534,0.02017,0.01906,0.0187,0.0414,0.0153,0.02327,0.03534,0.0306,-0.01221,-0.00537,-0.271,0.001114,-0.00797,0.004875,-0.00421
"('L14H11', 'L14H11', 'L14H11', 'L14H11', 'L14H11')",0.5317,0.07477,0.5376,0.07623,0.7764,0.0513,0.7754,0.04977,0.0253,0.0258,0.01265,0.007996,0.02666,0.02525,0.01933,0.007805,-0.00586,-0.000977,-0.2446,-0.0005035,0.001404,-0.001358,0.0005493
"('L14H12', 'L14H12', 'L14H12', 'L14H12', 'L14H12')",0.539,0.0773,0.546,0.078,0.774,0.05048,0.775,0.04752,0.009796,0.006836,0.04132,0.0127,0.00804,0.006767,0.02512,0.01233,-0.006836,0.000977,-0.2349,0.00296,0.001274,0.001755,6.866e-05
"('L14H13', 'L14H13', 'L14H13', 'L14H13', 'L14H13')",0.55,0.0808,0.547,0.0785,0.778,0.04932,0.778,0.0482,0.0096,0.01287,0.02357,0.01813,0.00814,0.01248,0.02287,0.01424,0.00293,0.0,-0.228,-0.003273,-0.00434,0.001457,0.000389
"('L14H14', 'L14H14', 'L14H14', 'L14H14', 'L14H14')",0.545,0.0738,0.5493,0.07294,0.765,0.04968,0.766,0.04843,-0.05435,-0.04083,0.0392,0.02402,-0.0491,-0.04205,0.04013,0.0236,-0.004395,0.000977,-0.2202,-0.01352,-0.00705,-0.00525,0.001221
"('L14H15', 'L14H15', 'L14H15', 'L14H15', 'L14H15')",0.5483,0.07935,0.5464,0.07666,0.7764,0.05084,0.7773,0.0494,0.0207,0.02464,0.0373,0.0265,0.01753,0.02397,0.03577,0.0272,0.001953,0.000977,-0.228,-0.003937,-0.00644,0.003174,0.0006714
"('L15H0', 'L15H0', 'L15H0', 'L15H0', 'L15H0')",0.5405,0.0822,0.5415,0.07935,0.773,0.0503,0.7734,0.04837,0.002384,0.0923,0.02238,0.239,0.02481,0.0779,0.1381,0.1792,-0.000977,0.0004883,-0.2324,-0.0899,-0.05307,-0.02243,0.014404
"('L15H1', 'L15H1', 'L15H1', 'L15H1', 'L15H1')",0.5303,0.0751,0.537,0.07635,0.781,0.05142,0.7793,0.04965,0.00944,0.0052,0.02982,0.01201,0.00819,0.00492,0.03137,0.011795,-0.006836,-0.001465,-0.2505,0.00424,0.003265,0.001251,0.0002785
"('L15H2', 'L15H2', 'L15H2', 'L15H2', 'L15H2')",0.5405,0.0771,0.5396,0.07733,0.7744,0.05017,0.775,0.04944,-0.01028,-0.001995,0.012115,0.02669,-0.006516,-0.0026,0.03592,0.02588,0.000977,0.0004883,-0.2339,-0.008286,-0.003914,-0.003761,0.0006046
"('L15H3', 'L15H3', 'L15H3', 'L15H3', 'L15H3')",0.532,0.07526,0.538,0.077,0.782,0.0516,0.7812,0.04947,0.01451,0.01364,0.02776,0.014984,0.012215,0.013756,0.02275,0.01694,-0.00586,-0.000977,-0.25,0.0008698,-0.001541,0.002296,-0.00011444
"('L15H4', 'L15H4', 'L15H4', 'L15H4', 'L15H4')",0.5376,0.0818,0.5366,0.08057,0.7866,0.0517,0.786,0.04865,-0.002836,-0.01252,0.01984,0.0198,-0.002115,-0.01285,0.02199,0.02177,0.000977,-0.0004883,-0.249,0.00968,0.010735,-0.000721,0.000328
"('L15H5', 'L15H5', 'L15H5', 'L15H5', 'L15H5')",0.558,0.0756,0.5527,0.0731,0.76,0.04782,0.7607,0.0457,0.0766,0.0868,0.08325,0.03598,0.0935,0.087,0.0849,0.03827,0.00537,0.000977,-0.2017,-0.01019,0.00653,-0.0169,-0.0001831
"('L15H6', 'L15H6', 'L15H6', 'L15H6', 'L15H6')",0.5527,0.0758,0.554,0.07416,0.7695,0.04965,0.7686,0.0484,0.0477,0.03857,0.06036,0.03305,0.03964,0.03915,0.04953,0.03223,-0.001465,-0.000977,-0.2168,0.009125,0.0004883,0.00806,-0.00058
"('L15H7', 'L15H7', 'L15H7', 'L15H7', 'L15H7')",0.531,0.0783,0.535,0.0792,0.7817,0.05212,0.7812,0.05,0.02443,0.0326,0.0782,0.0539,0.01591,0.0316,0.0457,0.04956,-0.004395,-0.0004883,-0.251,-0.00816,-0.01567,0.008514,0.001007
"('L15H8', 'L15H8', 'L15H8', 'L15H8', 'L15H8')",0.5356,0.0754,0.5376,0.07556,0.771,0.04834,0.7715,0.04666,0.02371,0.02174,0.01297,0.01366,0.02292,0.02167,0.01389,0.01303,-0.001953,0.0004883,-0.2354,0.001968,0.001251,0.0007935,7.63e-05
"('L15H9', 'L15H9', 'L15H9', 'L15H9', 'L15H9')",0.5303,0.0752,0.5376,0.0762,0.78,0.0514,0.7783,0.04904,0.001536,0.001815,0.02838,0.01067,0.002645,0.001781,0.02052,0.01006,-0.007324,-0.001465,-0.2495,-0.0002785,0.000864,-0.001109,3.34e-05
"('L15H10', 'L15H10', 'L15H10', 'L15H10', 'L15H10')",0.549,0.07166,0.549,0.07056,0.7466,0.04712,0.748,0.04562,-0.03622,-0.04907,0.0478,0.023,-0.03134,-0.04855,0.03812,0.02266,0.0,0.001465,-0.1978,0.01285,0.01721,-0.004883,-0.000519
"('L15H11', 'L15H11', 'L15H11', 'L15H11', 'L15H11')",0.532,0.07477,0.5376,0.0764,0.78,0.05197,0.7793,0.04974,0.01112,0.00891,0.0194,0.01236,0.01105,0.00873,0.02055,0.012634,-0.00537,-0.0004883,-0.2476,0.002213,0.00232,7.63e-05,0.0001831
"('L15H12', 'L15H12', 'L15H12', 'L15H12', 'L15H12')",0.552,0.07416,0.554,0.0723,0.7656,0.0502,0.767,0.0478,-0.08923,-0.0782,0.06854,0.03256,-0.10913,-0.08136,0.08875,0.03543,-0.002441,0.001465,-0.2139,-0.01105,-0.02777,0.0199,0.003174
"('L15H13', 'L15H13', 'L15H13', 'L15H13', 'L15H13')",0.5547,0.07794,0.5483,0.07806,0.773,0.05127,0.7744,0.04797,0.1648,0.01996,0.3577,0.0657,0.02092,0.02068,0.0906,0.0727,0.006348,0.001465,-0.2183,0.1448,0.0002441,0.1439,-0.000717
"('L15H14', 'L15H14', 'L15H14', 'L15H14', 'L15H14')",0.537,0.0757,0.542,0.0771,0.7754,0.05066,0.7754,0.04837,0.00788,0.004627,0.05014,0.01613,0.01087,0.00578,0.0629,0.01869,-0.004883,0.0,-0.2383,0.003254,0.005093,-0.00299,-0.001152
"('L15H15', 'L15H15', 'L15H15', 'L15H15', 'L15H15')",0.5317,0.0747,0.537,0.07733,0.778,0.05096,0.777,0.04874,0.00838,0.00959,0.04736,0.02197,0.004875,0.009544,0.02081,0.01717,-0.00537,-0.000977,-0.2461,-0.001213,-0.00467,0.003502,4.58e-05
"('L16H0', 'L16H0', 'L16H0', 'L16H0', 'L16H0')",0.5347,0.0746,0.542,0.0757,0.776,0.04977,0.7754,0.0482,0.01464,0.01065,0.04718,0.02863,0.036,0.012726,0.0849,0.02757,-0.007324,-0.0004883,-0.2412,0.00399,0.02328,-0.02136,-0.002075
"('L16H1', 'L16H1', 'L16H1', 'L16H1', 'L16H1')",0.5454,0.0779,0.5513,0.0779,0.772,0.05048,0.7734,0.04782,0.03,0.03763,0.10706,0.0768,0.0326,0.03784,0.0873,0.076,-0.00586,0.001465,-0.2266,-0.00763,-0.00525,-0.002594,-0.0002136
"('L16H2', 'L16H2', 'L16H2', 'L16H2', 'L16H2')",0.5405,0.07916,0.544,0.07855,0.773,0.05063,0.7744,0.04837,0.01692,0.01332,0.0911,0.0336,0.008446,0.01397,0.05017,0.03793,-0.003418,0.001465,-0.2324,0.003601,-0.005524,0.00848,-0.0006485
"('L16H3', 'L16H3', 'L16H3', 'L16H3', 'L16H3')",0.53,0.0746,0.5347,0.0752,0.7773,0.05115,0.7773,0.04944,0.008316,0.006763,0.03056,0.01714,0.007965,0.007282,0.02927,0.01729,-0.004883,0.0,-0.2476,0.001553,0.000683,0.000351,-0.000519
"('L16H4', 'L16H4', 'L16H4', 'L16H4', 'L16H4')",0.546,0.0769,0.552,0.0759,0.7744,0.05026,0.775,0.04797,0.03802,0.03842,0.0615,0.03214,0.0692,0.03912,0.0933,0.03476,-0.00586,0.0004883,-0.2285,-0.0003967,0.03009,-0.03119,-0.000702
"('L16H5', 'L16H5', 'L16H5', 'L16H5', 'L16H5')",0.53,0.07446,0.539,0.07556,0.774,0.05005,0.7734,0.04883,0.001439,0.001747,0.02574,0.01486,0.010216,0.001838,0.04697,0.014786,-0.00928,-0.0004883,-0.2441,-0.000308,0.00838,-0.00877,-9.06e-05
"('L16H6', 'L16H6', 'L16H6', 'L16H6', 'L16H6')",0.568,0.07623,0.5684,0.0744,0.7593,0.04633,0.7603,0.0446,0.1674,0.1517,0.0984,0.06476,0.1442,0.1522,0.09326,0.06537,-0.0004883,0.000977,-0.1914,0.01563,-0.00806,0.0232,-0.0004883
"('L16H7', 'L16H7', 'L16H7', 'L16H7', 'L16H7')",0.531,0.0746,0.5327,0.0731,0.7666,0.0505,0.768,0.048,-0.00898,-0.011505,0.02061,0.01249,-0.007023,-0.01138,0.01747,0.01231,-0.001953,0.001465,-0.2358,0.002525,0.00436,-0.001957,-0.0001221
"('L16H8', 'L16H8', 'L16H8', 'L16H8', 'L16H8')",0.5327,0.09033,0.537,0.0879,0.793,0.05426,0.793,0.05374,0.1209,0.124,0.04053,0.02878,0.11066,0.1219,0.04425,0.02742,-0.004395,0.0,-0.2603,-0.003113,-0.01123,0.010254,0.002136
"('L16H9', 'L16H9', 'L16H9', 'L16H9', 'L16H9')",0.5127,0.0738,0.529,0.07764,0.8003,0.05377,0.796,0.05307,-0.00475,-0.003904,0.006317,0.006226,-0.00454,-0.00404,0.007046,0.00701,-0.01611,-0.004395,-0.2876,-0.000845,-0.0004997,-0.0002098,0.0001354
"('L16H10', 'L16H10', 'L16H10', 'L16H10', 'L16H10')",0.559,0.0841,0.547,0.0791,0.777,0.04993,0.778,0.0478,0.03067,0.05676,0.03473,0.081,0.04117,0.05112,0.0857,0.04926,0.01221,0.000977,-0.2178,-0.0261,-0.00995,-0.0105,0.005646
"('L16H11', 'L16H11', 'L16H11', 'L16H11', 'L16H11')",0.534,0.07355,0.5347,0.0725,0.7686,0.0515,0.77,0.04938,-0.01608,-0.01767,0.03128,0.02386,-0.01033,-0.017,0.02245,0.02113,-0.0004883,0.001465,-0.2344,0.001587,0.006668,-0.005753,-0.0006714
"('L16H12', 'L16H12', 'L16H12', 'L16H12', 'L16H12')",0.5405,0.0731,0.5386,0.073,0.761,0.04956,0.7627,0.04745,-0.0194,-0.01296,0.02747,0.01098,-0.01279,-0.01371,0.02403,0.01116,0.001953,0.001465,-0.2207,-0.00643,0.000923,-0.006607,0.0007477
"('L16H13', 'L16H13', 'L16H13', 'L16H13', 'L16H13')",0.534,0.0755,0.536,0.07605,0.7705,0.05038,0.7715,0.0482,0.001747,0.0001812,0.04678,0.01819,-0.0005894,4.66e-05,0.03055,0.01727,-0.001953,0.000977,-0.2363,0.001566,-0.000636,0.002337,0.0001346
"('L16H14', 'L16H14', 'L16H14', 'L16H14', 'L16H14')",0.531,0.07416,0.5327,0.07355,0.7656,0.05023,0.7666,0.0479,0.00788,0.00722,0.010056,0.007492,0.00725,0.007133,0.01302,0.007156,-0.001953,0.000977,-0.2349,0.00066,0.00011826,0.0006294,8.774e-05
"('L16H15', 'L16H15', 'L16H15', 'L16H15', 'L16H15')",0.551,0.07776,0.5425,0.07697,0.771,0.05124,0.7734,0.04807,0.08356,0.03558,0.239,0.07495,0.01782,0.0351,0.081,0.0716,0.0083,0.002441,-0.2202,0.04797,-0.01727,0.06573,0.0004883
"('L17H0', 'L17H0', 'L17H0', 'L17H0', 'L17H0')",0.5264,0.0768,0.538,0.07794,0.7812,0.05118,0.78,0.0492,0.004,0.03232,0.02124,0.0886,0.00942,0.03023,0.08514,0.08014,-0.01172,-0.001465,-0.255,-0.02832,-0.02081,-0.00542,0.00209
"('L17H1', 'L17H1', 'L17H1', 'L17H1', 'L17H1')",0.5405,0.07605,0.5483,0.07654,0.777,0.04984,0.7764,0.04816,0.0253,0.04913,0.04645,0.05466,0.03528,0.04868,0.05753,0.0543,-0.007812,-0.0004883,-0.2363,-0.02383,-0.0134,-0.00998,0.0004578
"('L17H2', 'L17H2', 'L17H2', 'L17H2', 'L17H2')",0.5283,0.1007,0.5273,0.101,0.826,0.0678,0.8276,0.0654,0.2288,0.2333,0.0751,0.0525,0.2089,0.2285,0.08325,0.0503,0.000977,0.001465,-0.2979,-0.004517,-0.01965,0.0199,0.00476
"('L17H3', 'L17H3', 'L17H3', 'L17H3', 'L17H3')",0.5283,0.0762,0.5312,0.07324,0.768,0.05066,0.7686,0.0487,0.004654,0.00206,0.00816,0.00613,0.002129,0.002123,0.0114,0.006104,-0.00293,0.0004883,-0.2397,0.002594,5.7e-06,0.002525,-6.294e-05
"('L17H4', 'L17H4', 'L17H4', 'L17H4', 'L17H4')",0.5366,0.0754,0.536,0.07446,0.766,0.0506,0.7676,0.04846,0.001094,0.0003643,0.01941,0.01209,0.000494,0.0001234,0.01874,0.01106,0.0004883,0.001465,-0.2295,0.0007296,0.0003705,0.0006,0.0002409
"('L17H5', 'L17H5', 'L17H5', 'L17H5', 'L17H5')",0.5317,0.07745,0.5454,0.0784,0.776,0.0497,0.7754,0.0484,0.002213,0.00221,0.01173,0.010826,0.00529,0.002432,0.02394,0.01197,-0.01367,-0.0004883,-0.2441,1.9e-06,0.00286,-0.003078,-0.0002213
"('L17H6', 'L17H6', 'L17H6', 'L17H6', 'L17H6')",0.557,0.07806,0.5576,0.0765,0.775,0.0496,0.775,0.0481,0.0527,0.0805,0.05173,0.06805,0.0545,0.0777,0.05685,0.0662,-0.0004883,0.0,-0.2178,-0.0278,-0.0232,-0.001801,0.002808
"('L17H7', 'L17H7', 'L17H7', 'L17H7', 'L17H7')",0.5293,0.07513,0.5376,0.0764,0.7856,0.05234,0.7837,0.0502,0.003538,0.002998,0.03143,0.01562,0.00516,0.003046,0.03918,0.01531,-0.0083,-0.001953,-0.2563,0.00054,0.002115,-0.001623,-4.77e-05
"('L17H8', 'L17H8', 'L17H8', 'L17H8', 'L17H8')",0.5513,0.0843,0.5444,0.07904,0.7734,0.05002,0.7744,0.04782,-0.00185,0.001287,0.02399,0.01306,0.0006824,0.001385,0.02003,0.01283,0.006836,0.000977,-0.2222,-0.003138,-0.0007024,-0.002533,-9.73e-05
"('L17H9', 'L17H9', 'L17H9', 'L17H9', 'L17H9')",0.5264,0.0762,0.5347,0.0757,0.7676,0.0498,0.7686,0.04745,0.006252,0.002752,0.00994,0.00801,0.003994,0.00254,0.0089,0.00656,-0.0083,0.000977,-0.2412,0.0035,0.001453,0.002258,0.0002117
"('L17H10', 'L17H10', 'L17H10', 'L17H10', 'L17H10')",0.525,0.0787,0.532,0.0776,0.791,0.05414,0.789,0.05182,0.003073,0.007614,0.01949,0.01264,0.00297,0.007767,0.01854,0.0134,-0.007324,-0.001953,-0.266,-0.00454,-0.0048,0.000103,-0.0001526
"('L17H11', 'L17H11', 'L17H11', 'L17H11', 'L17H11')",0.5454,0.0707,0.5464,0.07086,0.748,0.04816,0.7495,0.0458,-0.01993,-0.02306,0.04562,0.02223,-0.02013,-0.02518,0.0523,0.02351,-0.000977,0.001465,-0.2026,0.003128,0.00505,0.0001984,0.002121
"('L17H12', 'L17H12', 'L17H12', 'L17H12', 'L17H12')",0.5215,0.076,0.528,0.0744,0.769,0.0502,0.7695,0.04742,0.00479,0.005756,0.00939,0.00844,0.00534,0.00566,0.0117,0.007835,-0.006348,0.0004883,-0.2476,-0.000965,-0.0003204,-0.0005493,9.537e-05
"('L17H13', 'L17H13', 'L17H13', 'L17H13', 'L17H13')",0.5347,0.07874,0.54,0.0775,0.775,0.05023,0.775,0.04776,0.004803,0.00747,0.0164,0.00943,0.005577,0.0073,0.02055,0.010284,-0.00537,0.0,-0.2402,-0.002666,-0.001724,-0.0007744,0.0001678
"('L17H14', 'L17H14', 'L17H14', 'L17H14', 'L17H14')",0.5283,0.07605,0.536,0.0761,0.774,0.05017,0.7734,0.04843,0.02351,0.02298,0.012985,0.01028,0.01912,0.02243,0.01688,0.009514,-0.007812,-0.0004883,-0.2456,0.000534,-0.003311,0.004395,0.0005493
"('L17H15', 'L17H15', 'L17H15', 'L17H15', 'L17H15')",0.535,0.07837,0.5396,0.07623,0.772,0.0511,0.773,0.04904,0.01001,0.01672,0.0362,0.0373,0.01197,0.01625,0.05215,0.0358,-0.004395,0.000977,-0.2368,-0.006714,-0.00428,-0.00196,0.000473
"('L18H0', 'L18H0', 'L18H0', 'L18H0', 'L18H0')",0.5317,0.0746,0.5376,0.07477,0.7734,0.05026,0.774,0.04816,-0.000541,-0.003244,0.01697,0.01097,-0.001139,-0.003113,0.02092,0.010994,-0.00586,0.0004883,-0.2417,0.002703,0.001974,0.0005975,-0.0001316
"('L18H1', 'L18H1', 'L18H1', 'L18H1', 'L18H1')",0.546,0.0752,0.5435,0.0744,0.7637,0.0492,0.7656,0.04666,0.003544,-0.02844,0.0716,0.02449,-0.01784,-0.02602,0.04785,0.02258,0.002441,0.001953,-0.2178,0.03198,0.00818,0.02138,-0.002426
"('L18H2', 'L18H2', 'L18H2', 'L18H2', 'L18H2')",0.565,0.0777,0.565,0.0753,0.758,0.0462,0.758,0.04477,0.1726,0.1301,0.106,0.061,0.2113,0.1344,0.1438,0.05978,0.0,0.0,-0.1929,0.04248,0.0769,-0.0387,-0.004272
"('L18H3', 'L18H3', 'L18H3', 'L18H3', 'L18H3')",0.5337,0.0759,0.536,0.07477,0.765,0.05014,0.7666,0.04764,0.00999,0.00803,0.012344,0.010826,0.007935,0.007492,0.01573,0.01107,-0.002441,0.001465,-0.2314,0.001953,0.0004425,0.002052,0.0005417
"('L18H4', 'L18H4', 'L18H4', 'L18H4', 'L18H4')",0.569,0.0768,0.5684,0.0759,0.763,0.04764,0.7637,0.04562,0.1835,0.0982,0.1444,0.0604,0.1858,0.10876,0.1564,0.06604,0.0004883,0.0004883,-0.1943,0.08527,0.077,-0.00232,-0.01056
"('L18H5', 'L18H5', 'L18H5', 'L18H5', 'L18H5')",0.522,0.0763,0.5312,0.07495,0.7734,0.05133,0.774,0.04858,-0.006317,-0.007538,0.01217,0.01486,-0.005302,-0.00743,0.013664,0.01406,-0.00928,0.0004883,-0.2515,0.001221,0.002129,-0.001015,-0.0001068
"('L18H6', 'L18H6', 'L18H6', 'L18H6', 'L18H6')",0.537,0.0737,0.54,0.0744,0.7744,0.0519,0.776,0.04886,-0.004524,-0.01352,0.03235,0.012955,-0.007362,-0.012825,0.03412,0.01252,-0.00293,0.001465,-0.2373,0.008995,0.005463,0.002838,-0.0006943
"('L18H7', 'L18H7', 'L18H7', 'L18H7', 'L18H7')",0.5293,0.07983,0.5366,0.07745,0.7734,0.05072,0.773,0.04886,-0.003057,-5.6e-06,0.00946,0.006996,-0.002848,-0.0002553,0.01132,0.006718,-0.007324,-0.0004883,-0.2441,-0.003052,-0.002592,-0.0002098,0.0002499
"('L18H8', 'L18H8', 'L18H8', 'L18H8', 'L18H8')",0.5464,0.07764,0.5464,0.0766,0.773,0.05035,0.7744,0.04816,0.07434,0.02618,0.2273,0.0783,0.0239,0.02657,0.1096,0.07446,0.0,0.001465,-0.2266,0.04816,-0.00267,0.05045,-0.0003815
"('L18H9', 'L18H9', 'L18H9', 'L18H9', 'L18H9')",0.5454,0.0815,0.535,0.0781,0.7744,0.05118,0.7773,0.04807,0.002007,0.002615,0.03915,0.02939,0.001889,0.002625,0.05704,0.02914,0.010254,0.00293,-0.229,-0.0006084,-0.0007353,0.0001173,-9.54e-06
"('L18H10', 'L18H10', 'L18H10', 'L18H10', 'L18H10')",0.533,0.07306,0.537,0.07275,0.7646,0.05078,0.766,0.04865,-0.01049,-0.004307,0.02975,0.01545,-0.005527,-0.004253,0.03394,0.014915,-0.003906,0.001465,-0.2314,-0.006184,-0.001274,-0.004963,-5.34e-05
"('L18H11', 'L18H11', 'L18H11', 'L18H11', 'L18H11')",0.5347,0.076,0.5444,0.07623,0.7793,0.05087,0.779,0.04846,-0.0009747,0.002686,0.05365,0.0343,0.00238,0.003143,0.05762,0.03366,-0.009766,-0.0004883,-0.2446,-0.00366,-0.000763,-0.003355,-0.0004578
"('L18H12', 'L18H12', 'L18H12', 'L18H12', 'L18H12')",0.5234,0.07715,0.533,0.0767,0.773,0.04968,0.7725,0.0489,-0.011566,0.002785,0.00944,0.04547,-0.00629,0.001109,0.02736,0.02783,-0.009766,-0.0004883,-0.2495,-0.01435,-0.0074,-0.005276,0.001676
"('L18H13', 'L18H13', 'L18H13', 'L18H13', 'L18H13')",0.5503,0.07715,0.5454,0.07605,0.766,0.0513,0.768,0.04865,0.002632,0.00874,0.02911,0.02107,0.01125,0.008606,0.04993,0.02115,0.004883,0.001953,-0.2158,-0.00611,0.002647,-0.00862,0.0001373
"('L18H14', 'L18H14', 'L18H14', 'L18H14', 'L18H14')",0.5205,0.07465,0.5303,0.0742,0.7695,0.05115,0.771,0.04816,0.00755,-0.003225,0.01115,0.02028,0.004646,-0.002407,0.01913,0.01999,-0.009766,0.001465,-0.249,0.01077,0.007053,0.002903,-0.0008183
"('L18H15', 'L18H15', 'L18H15', 'L18H15', 'L18H15')",0.539,0.07837,0.5435,0.07776,0.772,0.04968,0.773,0.04782,0.01231,0.01142,0.03412,0.02321,0.01018,0.011246,0.0246,0.02391,-0.004395,0.000977,-0.2329,0.000885,-0.001068,0.002129,0.0001755
"('L19H0', 'L19H0', 'L19H0', 'L19H0', 'L19H0')",0.5425,0.0764,0.5405,0.0747,0.767,0.05103,0.769,0.04813,-0.0004945,-0.00312,0.03336,0.0209,0.0001663,-0.003078,0.02998,0.0215,0.001953,0.001953,-0.2246,0.002626,0.003244,-0.000661,-4.196e-05
"('L19H1', 'L19H1', 'L19H1', 'L19H1', 'L19H1')",0.5645,0.0781,0.5635,0.07465,0.7607,0.0467,0.7607,0.04468,0.2451,0.1181,0.3267,0.0884,0.152,0.11926,0.2063,0.0902,0.000977,0.0,-0.1963,0.127,0.0327,0.09314,-0.00116
"('L19H2', 'L19H2', 'L19H2', 'L19H2', 'L19H2')",0.5576,0.0763,0.557,0.07526,0.761,0.04773,0.761,0.0461,0.1306,0.1049,0.1034,0.04965,0.10095,0.1059,0.0661,0.04807,0.0004883,0.0,-0.2036,0.0257,-0.004944,0.02966,-0.000977
"('L19H3', 'L19H3', 'L19H3', 'L19H3', 'L19H3')",0.5283,0.07574,0.537,0.0768,0.7856,0.05154,0.784,0.04932,-0.01494,-0.01321,0.01772,0.009995,-0.01409,-0.012886,0.01622,0.010345,-0.00879,-0.001465,-0.2573,-0.001732,-0.001205,-0.000847,-0.0003204
"('L19H4', 'L19H4', 'L19H4', 'L19H4', 'L19H4')",0.5317,0.07556,0.534,0.0737,0.767,0.05057,0.7686,0.04843,-0.001544,-0.005283,0.01775,0.01136,-0.001455,-0.004696,0.01701,0.010864,-0.002441,0.001465,-0.2354,0.003738,0.00324,-8.87e-05,-0.0005875
"('L19H5', 'L19H5', 'L19H5', 'L19H5', 'L19H5')",0.5337,0.0786,0.5396,0.077,0.78,0.05038,0.7783,0.04843,-0.00491,0.002317,0.01628,0.02751,-0.004406,0.001943,0.01695,0.02109,-0.00586,-0.001465,-0.2461,-0.007225,-0.006348,-0.0005035,0.0003748
"('L19H6', 'L19H6', 'L19H6', 'L19H6', 'L19H6')",0.531,0.07623,0.538,0.0777,0.792,0.0543,0.7886,0.0517,-0.002922,-0.001827,0.01525,0.010895,-0.002424,-0.001955,0.0247,0.010414,-0.007324,-0.003418,-0.2612,-0.001095,-0.0004692,-0.000498,0.0001278
"('L19H7', 'L19H7', 'L19H7', 'L19H7', 'L19H7')",0.533,0.0773,0.5396,0.07684,0.772,0.05,0.7725,0.04776,0.0001554,-0.0002179,0.01616,0.012375,-0.001134,-0.0005465,0.01682,0.01391,-0.006348,0.0004883,-0.2388,0.0003734,-0.0005875,0.001289,0.0003285
"('L19H8', 'L19H8', 'L19H8', 'L19H8', 'L19H8')",0.5312,0.07776,0.5376,0.0771,0.7705,0.0493,0.7705,0.0477,0.008514,0.02454,0.01256,0.04602,0.01082,0.023,0.02834,0.0421,-0.006348,0.0,-0.2393,-0.01602,-0.01218,-0.002304,0.001541
"('L19H9', 'L19H9', 'L19H9', 'L19H9', 'L19H9')",0.53,0.0751,0.5356,0.0754,0.7744,0.0501,0.7754,0.04797,-0.001346,0.0279,0.0258,0.05518,0.001269,0.02777,0.02907,0.05862,-0.00586,0.000977,-0.2446,-0.02924,-0.0265,-0.002615,0.0001221
"('L19H10', 'L19H10', 'L19H10', 'L19H10', 'L19H10')",0.5596,0.08234,0.5537,0.0765,0.77,0.04813,0.771,0.04514,0.001412,0.02924,0.03806,0.0336,0.0204,0.0296,0.0523,0.03348,0.00586,0.000977,-0.2104,-0.02782,-0.0092,-0.01898,-0.0003662
"('L19H11', 'L19H11', 'L19H11', 'L19H11', 'L19H11')",0.532,0.07544,0.5376,0.0766,0.782,0.05142,0.7817,0.04855,-0.01272,-0.00921,0.02478,0.01238,-0.011375,-0.0087,0.02261,0.01307,-0.00537,-0.0004883,-0.25,-0.00351,-0.002678,-0.001343,-0.000511
"('L19H12', 'L19H12', 'L19H12', 'L19H12', 'L19H12')",0.53,0.0752,0.533,0.0742,0.766,0.04944,0.7666,0.0476,-0.00473,-0.00682,0.01492,0.009735,-0.003721,-0.00611,0.01674,0.00924,-0.003418,0.0004883,-0.2363,0.00209,0.00239,-0.001009,-0.0007095
"('L19H13', 'L19H13', 'L19H13', 'L19H13', 'L19H13')",0.551,0.06683,0.5503,0.06824,0.74,0.04788,0.7407,0.0457,-0.0524,-0.0698,0.04315,0.02628,-0.0611,-0.0708,0.0402,0.0264,0.0004883,0.0004883,-0.1895,0.01743,0.009705,0.0087,0.000977
"('L19H14', 'L19H14', 'L19H14', 'L19H14', 'L19H14')",0.589,0.076,0.5894,0.07416,0.7373,0.04245,0.739,0.04037,0.3992,0.3909,0.2023,0.1525,0.3755,0.3801,0.2064,0.1542,-0.0004883,0.001465,-0.1484,0.0083,-0.00464,0.02368,0.01074
"('L19H15', 'L19H15', 'L19H15', 'L19H15', 'L19H15')",0.5347,0.0773,0.5356,0.0747,0.768,0.05103,0.7695,0.04843,-0.003057,-0.004333,0.0186,0.01002,-0.001608,-0.004093,0.01726,0.01011,-0.000977,0.001465,-0.2334,0.001276,0.002485,-0.00145,-0.0002403
"('L20H0', 'L20H0', 'L20H0', 'L20H0', 'L20H0')",0.528,0.078,0.5356,0.0767,0.778,0.05185,0.779,0.0493,-0.01663,-0.0181,0.01404,0.00965,-0.01688,-0.01761,0.01496,0.009186,-0.007812,0.000977,-0.25,0.001465,0.0007324,0.0002441,-0.0004883
"('L20H1', 'L20H1', 'L20H1', 'L20H1', 'L20H1')",0.546,0.0755,0.548,0.0735,0.762,0.04803,0.762,0.04596,-0.03452,-0.0342,0.03754,0.01872,-0.0355,-0.03403,0.0415,0.01845,-0.001953,0.0,-0.2163,-0.0003052,-0.001465,0.000977,-0.0001831
"('L20H2', 'L20H2', 'L20H2', 'L20H2', 'L20H2')",0.54,0.07697,0.55,0.07446,0.7793,0.05212,0.7783,0.04935,0.00888,0.015366,0.01826,0.0108,0.0118,0.01608,0.01929,0.01146,-0.009766,-0.000977,-0.2393,-0.006485,-0.00428,-0.002922,-0.000717
"('L20H3', 'L20H3', 'L20H3', 'L20H3', 'L20H3')",0.555,0.07996,0.5522,0.0757,0.7676,0.04788,0.7686,0.04547,0.0138,0.03674,0.04535,0.03162,0.0237,0.034,0.0486,0.0297,0.00293,0.000977,-0.2124,-0.02295,-0.0103,-0.009895,0.002747
"('L20H4', 'L20H4', 'L20H4', 'L20H4', 'L20H4')",0.529,0.0755,0.535,0.0753,0.7744,0.05167,0.775,0.04907,0.01273,0.01189,0.01405,0.01004,0.01246,0.01193,0.01598,0.010155,-0.006348,0.0004883,-0.2456,0.000847,0.0005264,0.0002747,-4.58e-05
"('L20H5', 'L20H5', 'L20H5', 'L20H5', 'L20H5')",0.5273,0.07587,0.533,0.07477,0.768,0.0511,0.769,0.0484,-0.00573,0.001451,0.01347,0.01083,-0.00478,0.0009637,0.01665,0.00988,-0.00586,0.000977,-0.2407,-0.00718,-0.005745,-0.00095,0.0004869
"('L20H6', 'L20H6', 'L20H6', 'L20H6', 'L20H6')",0.5264,0.07776,0.537,0.0769,0.7847,0.05258,0.783,0.04953,-0.0101,-0.01158,0.01136,0.0083,-0.00974,-0.011185,0.011696,0.008965,-0.01074,-0.001465,-0.2583,0.00148,0.001442,-0.0003586,-0.0003967
"('L20H7', 'L20H7', 'L20H7', 'L20H7', 'L20H7')",0.528,0.0764,0.538,0.0773,0.776,0.05173,0.776,0.0497,-0.01321,-0.010475,0.05453,0.01729,-0.01227,-0.010735,0.0484,0.01852,-0.010254,0.0,-0.248,-0.002731,-0.0015335,-0.0009384,0.0002594
"('L20H8', 'L20H8', 'L20H8', 'L20H8', 'L20H8')",0.5273,0.07764,0.5356,0.0776,0.7866,0.05374,0.786,0.05054,-0.002712,-0.002537,0.0147,0.01072,-0.001939,-0.00245,0.01648,0.009895,-0.0083,-0.0004883,-0.2593,-0.0001755,0.000512,-0.0007734,-8.583e-05
"('L20H9', 'L20H9', 'L20H9', 'L20H9', 'L20H9')",0.534,0.07526,0.5376,0.07495,0.7686,0.0499,0.7705,0.04776,0.00507,0.0041,0.02652,0.009895,0.003838,0.00399,0.02469,0.00974,-0.003418,0.001953,-0.2344,0.000969,-0.0001526,0.001232,0.0001106
"('L20H10', 'L20H10', 'L20H10', 'L20H10', 'L20H10')",0.539,0.07336,0.537,0.0727,0.76,0.05026,0.7617,0.04813,0.0429,0.0225,0.0907,0.02495,0.01718,0.02219,0.04053,0.02449,0.001953,0.001953,-0.2207,0.0204,-0.005005,0.02573,0.0003204
"('L20H11', 'L20H11', 'L20H11', 'L20H11', 'L20H11')",0.518,0.0759,0.531,0.07837,0.799,0.05414,0.796,0.05176,-0.014854,-0.01576,0.01426,0.007965,-0.01543,-0.015526,0.00926,0.006966,-0.012695,-0.00293,-0.2808,0.000908,9.92e-05,0.000572,-0.0002365
"('L20H12', 'L20H12', 'L20H12', 'L20H12', 'L20H12')",0.5317,0.0801,0.536,0.0769,0.7793,0.05307,0.7793,0.0509,0.002476,-0.001512,0.0586,0.02106,0.01338,-0.0008483,0.0816,0.0233,-0.004395,0.0,-0.2476,0.003986,0.01423,-0.01091,-0.0006633
"('L20H13', 'L20H13', 'L20H13', 'L20H13', 'L20H13')",0.5386,0.07794,0.5454,0.0751,0.7705,0.0499,0.7686,0.0468,0.011856,0.00835,0.043,0.01805,0.01813,0.01031,0.04703,0.01904,-0.006836,-0.001953,-0.2319,0.00351,0.00782,-0.00627,-0.00196
"('L20H14', 'L20H14', 'L20H14', 'L20H14', 'L20H14')",0.5264,0.0766,0.5366,0.0776,0.779,0.05118,0.7793,0.04926,0.0005836,0.00198,0.01102,0.006718,0.00179,0.001911,0.01202,0.00754,-0.010254,0.0004883,-0.2524,-0.001396,-0.0001211,-0.001206,6.866e-05
"('L20H15', 'L20H15', 'L20H15', 'L20H15', 'L20H15')",0.541,0.07916,0.542,0.0779,0.7793,0.0529,0.7803,0.04968,0.0585,-3.517e-05,0.1251,0.01793,0.02751,0.0003767,0.0878,0.0191,-0.000977,0.000977,-0.2383,0.05853,0.02713,0.03099,-0.000412
"('L21H0', 'L21H0', 'L21H0', 'L21H0', 'L21H0')",0.541,0.07837,0.544,0.0764,0.7764,0.051,0.7764,0.04837,0.003138,-0.008354,0.0828,0.011505,-0.003006,-0.007347,0.03555,0.012245,-0.00293,0.0,-0.2354,0.01149,0.00434,0.00614,-0.001007
"('L21H1', 'L21H1', 'L21H1', 'L21H1', 'L21H1')",0.545,0.0717,0.558,0.07306,0.725,0.0451,0.7236,0.0436,0.06274,0.0832,0.03894,0.07294,0.06064,0.0763,0.05756,0.05432,-0.01318,-0.001465,-0.1802,-0.02045,-0.01566,0.002106,0.006897
"('L21H2', 'L21H2', 'L21H2', 'L21H2', 'L21H2')",0.54,0.0772,0.5405,0.07684,0.768,0.0514,0.77,0.04846,0.0003653,-0.00578,0.0646,0.01852,-0.005337,-0.006004,0.02759,0.01764,-0.0004883,0.001953,-0.228,0.006145,0.0006676,0.005703,0.0002251
"('L21H3', 'L21H3', 'L21H3', 'L21H3', 'L21H3')",0.5366,0.0767,0.5405,0.0754,0.7734,0.0506,0.7734,0.0478,-0.010155,-0.01624,0.03244,0.01785,-0.01286,-0.01576,0.0423,0.0175,-0.003906,0.0,-0.2368,0.00608,0.0029,0.002708,-0.000473
"('L21H4', 'L21H4', 'L21H4', 'L21H4', 'L21H4')",0.538,0.07526,0.538,0.07367,0.7656,0.0508,0.767,0.04904,0.00368,0.003763,0.015076,0.00955,0.001498,0.003736,0.01613,0.00966,0.0,0.001465,-0.2275,-8.39e-05,-0.00224,0.002182,2.67e-05
"('L21H5', 'L21H5', 'L21H5', 'L21H5', 'L21H5')",0.5425,0.0738,0.55,0.07495,0.776,0.04953,0.7754,0.04776,0.001917,0.02405,0.06238,0.0661,0.01085,0.0247,0.0695,0.0711,-0.007324,-0.0004883,-0.2334,-0.02213,-0.013855,-0.008934,-0.000656
"('L21H6', 'L21H6', 'L21H6', 'L21H6', 'L21H6')",0.5615,0.077,0.554,0.0742,0.748,0.04584,0.7505,0.0448,0.00852,0.00606,0.02937,0.02098,0.003626,0.007618,0.0355,0.02061,0.007324,0.002441,-0.1865,0.00246,-0.00399,0.004898,-0.001556
"('L21H7', 'L21H7', 'L21H7', 'L21H7', 'L21H7')",0.5474,0.0746,0.5586,0.07446,0.7446,0.0468,0.7427,0.04465,0.01411,0.02629,0.01855,0.0163,0.01503,0.02579,0.01799,0.017,-0.01123,-0.001953,-0.1973,-0.012184,-0.01076,-0.000923,0.0005035
"('L21H8', 'L21H8', 'L21H8', 'L21H8', 'L21H8')",0.536,0.07855,0.534,0.077,0.7754,0.05154,0.777,0.0501,0.003538,-5.21e-05,0.00995,0.01022,0.002733,0.0003705,0.010216,0.010056,0.001953,0.001465,-0.2393,0.00359,0.002363,0.000805,-0.0004225
"('L21H9', 'L21H9', 'L21H9', 'L21H9', 'L21H9')",0.522,0.07764,0.5347,0.077,0.783,0.0526,0.7803,0.0499,0.002361,0.007618,0.012886,0.010544,-0.0001556,0.007042,0.013275,0.01057,-0.012695,-0.00293,-0.2612,-0.005257,-0.0072,0.002518,0.000576
"('L21H10', 'L21H10', 'L21H10', 'L21H10', 'L21H10')",0.5557,0.0766,0.556,0.0747,0.743,0.046,0.7437,0.0445,-0.0281,-0.03824,0.03223,0.0166,-0.03445,-0.03635,0.02524,0.01616,-0.0004883,0.0004883,-0.1875,0.01013,0.001892,0.006348,-0.001892
"('L21H11', 'L21H11', 'L21H11', 'L21H11', 'L21H11')",0.5283,0.078,0.536,0.0765,0.7754,0.05087,0.776,0.04782,0.006107,0.005386,0.01436,0.009186,0.005646,0.005325,0.01862,0.009,-0.007812,0.0004883,-0.2471,0.000721,0.0003204,0.0004616,6.104e-05
"('L21H12', 'L21H12', 'L21H12', 'L21H12', 'L21H12')",0.526,0.0783,0.533,0.0771,0.7773,0.05273,0.7773,0.04944,0.01622,0.02069,0.01596,0.01394,0.015305,0.01996,0.01753,0.01316,-0.007324,0.0,-0.2515,-0.00447,-0.004654,0.0009155,0.0007324
"('L21H13', 'L21H13', 'L21H13', 'L21H13', 'L21H13')",0.5293,0.07965,0.5386,0.0776,0.781,0.05185,0.7793,0.05017,-0.02509,-0.02812,0.010155,0.00885,-0.02261,-0.02725,0.01318,0.00913,-0.00928,-0.001465,-0.2515,0.003036,0.00464,-0.002472,-0.0008698
"('L21H14', 'L21H14', 'L21H14', 'L21H14', 'L21H14')",0.5684,0.07654,0.5674,0.0749,0.747,0.04398,0.746,0.0427,0.0663,0.03854,0.0741,0.0518,0.0536,0.0436,0.075,0.04776,0.000977,-0.000977,-0.1787,0.02774,0.00998,0.012695,-0.005066
"('L21H15', 'L21H15', 'L21H15', 'L21H15', 'L21H15')",0.5513,0.0696,0.551,0.0685,0.739,0.04578,0.7397,0.04404,0.02942,0.03326,0.0658,0.03882,0.03925,0.03244,0.0998,0.04486,0.0004883,0.000977,-0.1875,-0.003845,0.006805,-0.00983,0.000824
"('L22H0', 'L22H0', 'L22H0', 'L22H0', 'L22H0')",0.5503,0.0799,0.544,0.0763,0.7695,0.04865,0.7705,0.0462,0.0285,0.0571,0.03079,0.02213,0.0314,0.05426,0.0343,0.02354,0.006348,0.000977,-0.2192,-0.0286,-0.02286,-0.0029,0.002838
"('L22H1', 'L22H1', 'L22H1', 'L22H1', 'L22H1')",0.5234,0.07806,0.533,0.0776,0.783,0.05295,0.7827,0.05093,-0.004414,0.001666,0.01576,0.02711,-0.002914,0.001844,0.013885,0.02902,-0.009766,-0.0004883,-0.2598,-0.00608,-0.00476,-0.001499,-0.0001783
"('L22H2', 'L22H2', 'L22H2', 'L22H2', 'L22H2')",0.548,0.0762,0.5415,0.074,0.758,0.04825,0.7593,0.04648,-0.0382,-0.04105,0.03738,0.01776,-0.04153,-0.0398,0.0297,0.01817,0.006348,0.001465,-0.21,0.002838,-0.0017395,0.003326,-0.001251
"('L22H3', 'L22H3', 'L22H3', 'L22H3', 'L22H3')",0.539,0.0776,0.54,0.07477,0.7627,0.04865,0.762,0.04672,0.004005,-0.01291,0.0371,0.01257,-0.001171,-0.01225,0.03656,0.01296,-0.000977,-0.0004883,-0.2236,0.0169,0.01108,0.005177,-0.000656
"('L22H4', 'L22H4', 'L22H4', 'L22H4', 'L22H4')",0.5347,0.08026,0.5356,0.0767,0.7715,0.04953,0.773,0.04816,-0.01012,-0.007446,0.007767,0.00561,-0.00803,-0.007515,0.01297,0.005337,-0.000977,0.001465,-0.2368,-0.00267,-0.000519,-0.002083,6.866e-05
"('L22H5', 'L22H5', 'L22H5', 'L22H5', 'L22H5')",0.5312,0.0832,0.5347,0.0799,0.778,0.0507,0.7783,0.04947,-0.001723,-0.003601,0.014595,0.01366,-0.002968,-0.003197,0.0134,0.0158,-0.003418,0.0004883,-0.2466,0.001878,0.0002289,0.001245,-0.0004044
"('L22H6', 'L22H6', 'L22H6', 'L22H6', 'L22H6')",0.534,0.08057,0.536,0.07904,0.773,0.05154,0.7744,0.0492,-0.00848,-0.00834,0.01253,0.004932,-0.008224,-0.00834,0.008484,0.005962,-0.001953,0.001465,-0.2388,-0.0001373,0.00011444,-0.0002518,0.0
"('L22H7', 'L22H7', 'L22H7', 'L22H7', 'L22H7')",0.5312,0.0748,0.539,0.07385,0.767,0.05005,0.768,0.0477,-0.00539,-0.006397,0.01971,0.01312,-0.004993,-0.00674,0.0206,0.01368,-0.007812,0.000977,-0.2358,0.001007,0.001747,-0.0003967,0.0003433
"('L22H8', 'L22H8', 'L22H8', 'L22H8', 'L22H8')",0.525,0.07587,0.5347,0.0757,0.777,0.0521,0.7773,0.04922,-0.003891,-0.0002744,0.014366,0.0107,-0.00326,-0.0005617,0.01523,0.011154,-0.009766,0.0004883,-0.252,-0.003616,-0.002697,-0.0006313,0.0002873
"('L22H9', 'L22H9', 'L22H9', 'L22H9', 'L22H9')",0.553,0.074,0.555,0.07196,0.7397,0.04486,0.7393,0.04324,0.0172,0.006413,0.04324,0.0411,0.01587,0.00648,0.0678,0.04163,-0.001953,-0.0004883,-0.1865,0.01079,0.009384,0.0013275,-6.866e-05
"('L22H10', 'L22H10', 'L22H10', 'L22H10', 'L22H10')",0.5396,0.0763,0.537,0.0746,0.7627,0.0504,0.7646,0.0483,-0.014915,-0.01082,0.04718,0.02016,-0.00538,-0.010475,0.02068,0.02092,0.002441,0.001953,-0.2231,-0.004097,0.005096,-0.00954,-0.0003433
"('L22H11', 'L22H11', 'L22H11', 'L22H11', 'L22H11')",0.5215,0.077,0.5317,0.0777,0.7837,0.0534,0.783,0.05005,0.001767,0.0003326,0.0247,0.011665,-0.001408,0.0003033,0.01904,0.011314,-0.010254,-0.0004883,-0.2622,0.001434,-0.001711,0.003174,2.93e-05
"('L22H12', 'L22H12', 'L22H12', 'L22H12', 'L22H12')",0.5835,0.07404,0.5854,0.0725,0.719,0.0402,0.7197,0.03864,0.05798,0.03662,0.0631,0.04883,0.05057,0.0373,0.0642,0.04865,-0.001953,0.0004883,-0.1357,0.02136,0.013275,0.007416,-0.0006714
"('L22H13', 'L22H13', 'L22H13', 'L22H13', 'L22H13')",0.533,0.0788,0.535,0.0771,0.774,0.0505,0.774,0.04855,-0.00784,0.00792,0.0165,0.01426,-0.00342,0.00717,0.02328,0.01324,-0.001953,0.0,-0.2407,-0.01576,-0.01059,-0.004425,0.0007477
"('L22H14', 'L22H14', 'L22H14', 'L22H14', 'L22H14')",0.517,0.0761,0.532,0.0802,0.821,0.05798,0.8145,0.0573,-0.00679,-9.084e-05,0.01403,0.01185,-0.005398,4.125e-05,0.0143,0.01271,-0.01514,-0.006348,-0.3037,-0.0067,-0.00544,-0.001392,-0.0001321
"('L22H15', 'L22H15', 'L22H15', 'L22H15', 'L22H15')",0.537,0.0803,0.541,0.0768,0.755,0.04776,0.7544,0.0461,0.00756,0.03418,0.03403,0.0492,0.01442,0.0338,0.0589,0.0495,-0.003906,-0.0004883,-0.2178,-0.02661,-0.0194,-0.00686,0.0003662
"('L23H0', 'L23H0', 'L23H0', 'L23H0', 'L23H0')",0.5645,0.0719,0.5645,0.07404,0.738,0.04498,0.738,0.0432,-0.02705,-0.01593,0.064,0.01639,-0.01296,-0.01439,0.0398,0.017,0.0,0.0,-0.1733,-0.01112,0.001427,-0.01409,-0.001541
"('L23H1', 'L23H1', 'L23H1', 'L23H1', 'L23H1')",0.522,0.0733,0.5347,0.0738,0.785,0.05777,0.7812,0.0552,-0.0006046,-0.003178,0.01369,0.011475,-0.0007567,-0.002203,0.01393,0.01019,-0.012695,-0.003906,-0.2632,0.002573,0.001446,0.0001521,-0.0009747
"('L23H2', 'L23H2', 'L23H2', 'L23H2', 'L23H2')",0.5493,0.0776,0.5444,0.0752,0.755,0.04745,0.755,0.0459,-0.01753,-0.03168,0.02908,0.0133,-0.015594,-0.0297,0.0272,0.01328,0.004883,0.0,-0.2056,0.014145,0.0141,-0.001938,-0.001984
"('L23H3', 'L23H3', 'L23H3', 'L23H3', 'L23H3')",0.549,0.0779,0.5454,0.07526,0.7593,0.04956,0.7603,0.0469,-0.00956,-0.00982,0.01455,0.01135,-0.00901,-0.01009,0.01744,0.01098,0.003418,0.000977,-0.2104,0.0002594,0.001083,-0.0005493,0.0002747
"('L23H4', 'L23H4', 'L23H4', 'L23H4', 'L23H4')",0.545,0.0831,0.546,0.0811,0.7515,0.0503,0.7524,0.0487,-0.01104,-0.01137,0.01906,0.00922,-0.01111,-0.011215,0.01671,0.00952,-0.000977,0.000977,-0.2065,0.000328,0.0001068,6.866e-05,-0.0001526
"('L23H5', 'L23H5', 'L23H5', 'L23H5', 'L23H5')",0.5396,0.08167,0.542,0.0794,0.7363,0.04755,0.7354,0.0455,-0.01213,-0.01512,0.03214,0.02007,-0.01151,-0.01337,0.03052,0.02063,-0.002441,-0.000977,-0.1968,0.00299,0.001854,-0.000618,-0.001755
"('L23H6', 'L23H6', 'L23H6', 'L23H6', 'L23H6')",0.524,0.07697,0.537,0.0807,0.807,0.0576,0.801,0.05576,-0.00854,-0.01556,0.013466,0.006966,-0.01241,-0.015114,0.01302,0.00717,-0.01318,-0.006348,-0.2832,0.00702,0.0027,0.003876,-0.0004425
"('L23H7', 'L23H7', 'L23H7', 'L23H7', 'L23H7')",0.5435,0.07806,0.543,0.0746,0.7705,0.05206,0.7725,0.04956,-0.002056,0.005672,0.02596,0.008835,0.002813,0.00525,0.01956,0.008705,0.0004883,0.001953,-0.227,-0.00773,-0.002436,-0.004868,0.0004234
"('L23H8', 'L23H8', 'L23H8', 'L23H8', 'L23H8')",0.5303,0.0817,0.5396,0.081,0.7837,0.05307,0.7817,0.0519,-0.009476,-0.01127,0.009705,0.006256,-0.00815,-0.01071,0.01041,0.006245,-0.00928,-0.001953,-0.2534,0.001793,0.002563,-0.0013275,-0.000557
"('L23H9', 'L23H9', 'L23H9', 'L23H9', 'L23H9')",0.585,0.07684,0.5806,0.07434,0.703,0.04245,0.703,0.03833,0.133,0.07245,0.091,0.04883,0.1078,0.07983,0.096,0.0517,0.004395,0.0,-0.11816,0.0606,0.02795,0.02527,-0.007385
"('L23H10', 'L23H10', 'L23H10', 'L23H10', 'L23H10')",0.5596,0.07654,0.559,0.07263,0.7153,0.04193,0.714,0.03915,0.03708,0.01391,0.0344,0.02011,0.026,0.01567,0.03455,0.0202,0.0004883,-0.001465,-0.1558,0.02316,0.01033,0.01108,-0.001762
"('L23H11', 'L23H11', 'L23H11', 'L23H11', 'L23H11')",0.5425,0.07495,0.544,0.0752,0.7705,0.04996,0.771,0.0475,0.010216,0.00872,0.01993,0.01306,0.010445,0.00869,0.02147,0.0132,-0.001465,0.0004883,-0.228,0.001495,0.001755,-0.0002289,3.05e-05
"('L23H12', 'L23H12', 'L23H12', 'L23H12', 'L23H12')",0.526,0.08514,0.5366,0.0841,0.7886,0.0541,0.7866,0.05353,0.003183,0.005886,0.008224,0.00426,0.006145,0.00582,0.00953,0.00437,-0.01074,-0.001953,-0.2627,-0.002703,0.0003242,-0.002962,6.485e-05
"('L23H13', 'L23H13', 'L23H13', 'L23H13', 'L23H13')",0.5493,0.0765,0.5474,0.0744,0.7446,0.0463,0.7437,0.04462,0.001955,-0.013,0.03056,0.0106,-0.01053,-0.01184,0.02061,0.01114,0.001953,-0.000977,-0.1953,0.01495,0.001312,0.01248,-0.00116
"('L23H14', 'L23H14', 'L23H14', 'L23H14', 'L23H14')",0.5547,0.0707,0.556,0.07117,0.729,0.04376,0.731,0.04248,-0.00594,0.001662,0.03616,0.01894,-0.003578,0.001002,0.03888,0.02019,-0.001465,0.001953,-0.1743,-0.007603,-0.00458,-0.002361,0.00066
"('L23H15', 'L23H15', 'L23H15', 'L23H15', 'L23H15')",0.5566,0.07666,0.55,0.07477,0.7627,0.04816,0.763,0.04697,-0.0074,0.001323,0.01744,0.01628,-0.002981,0.000486,0.01932,0.01185,0.006836,0.0004883,-0.206,-0.00872,-0.003468,-0.004417,0.000837
"('0_mlp_out', nan, nan, nan, nan)",,,,,,,,,-0.6094,-0.431,0.2551,0.157,-0.4355,-0.435,0.2683,0.1504,,,,-0.1785,-0.0004883,-0.1738,0.00415
"('1_mlp_out', nan, nan, nan, nan)",,,,,,,,,-0.06964,-0.04102,0.0972,0.0549,-0.04395,-0.0381,0.0923,0.05646,,,,-0.02863,-0.00586,-0.0257,-0.00293
"('2_mlp_out', nan, nan, nan, nan)",,,,,,,,,-0.008446,0.01756,0.1427,0.0613,0.02505,0.01924,0.1305,0.064,,,,-0.026,0.005814,-0.0335,-0.001678
"('3_mlp_out', nan, nan, nan, nan)",,,,,,,,,0.1426,0.7515,0.85,0.926,0.1647,0.766,0.8823,1.013,,,,-0.609,-0.6016,-0.0221,-0.01465
"('4_mlp_out', nan, nan, nan, nan)",,,,,,,,,-0.04932,0.1166,0.2974,0.2861,-0.04767,0.1261,0.31,0.309,,,,-0.1659,-0.1738,-0.001648,-0.00952
"('5_mlp_out', nan, nan, nan, nan)",,,,,,,,,-0.05386,-0.0174,0.198,0.09375,-0.03973,-0.01651,0.177,0.0981,,,,-0.03647,-0.02322,-0.01413,-0.000885
"('6_mlp_out', nan, nan, nan, nan)",,,,,,,,,-0.1738,-0.2505,0.2087,0.12177,-0.2198,-0.2402,0.2103,0.11804,,,,0.07666,0.02039,0.04602,-0.010254
"('7_mlp_out', nan, nan, nan, nan)",,,,,,,,,-0.02434,-0.007393,0.2151,0.1073,-0.03357,-0.0001719,0.2043,0.1101,,,,-0.01694,-0.0334,0.00923,-0.00722
"('8_mlp_out', nan, nan, nan, nan)",,,,,,,,,-0.1338,-0.2378,0.1986,0.11383,-0.1785,-0.2256,0.1904,0.1115,,,,0.104,0.04712,0.04468,-0.01221
"('9_mlp_out', nan, nan, nan, nan)",,,,,,,,,-0.15,-0.1971,0.1915,0.1052,-0.1979,-0.1968,0.1855,0.1064,,,,0.04712,-0.001099,0.04785,-0.0003662
"('10_mlp_out', nan, nan, nan, nan)",,,,,,,,,0.05643,-0.006603,0.2083,0.11066,0.02045,-0.007866,0.2141,0.1108,,,,0.06305,0.02832,0.03598,0.001263
"('11_mlp_out', nan, nan, nan, nan)",,,,,,,,,-0.2101,-0.3035,0.215,0.11786,-0.276,-0.2913,0.1973,0.1182,,,,0.0934,0.01538,0.0658,-0.01221
"('12_mlp_out', nan, nan, nan, nan)",,,,,,,,,0.05078,-0.00911,0.269,0.1381,0.00356,-0.00817,0.2179,0.1367,,,,0.05988,0.011734,0.0472,-0.0009384
"('13_mlp_out', nan, nan, nan, nan)",,,,,,,,,0.2012,0.1274,0.2637,0.1605,0.1761,0.1304,0.2563,0.1643,,,,0.0737,0.04578,0.02502,-0.00293
"('14_mlp_out', nan, nan, nan, nan)",,,,,,,,,0.0826,0.0753,0.2856,0.1666,0.1127,0.07996,0.2722,0.1711,,,,0.007263,0.0327,-0.03009,-0.00464
"('15_mlp_out', nan, nan, nan, nan)",,,,,,,,,0.01706,-0.0405,0.3008,0.12195,0.0669,-0.03302,0.2734,0.1338,,,,0.05756,0.0999,-0.04984,-0.007477
"('16_mlp_out', nan, nan, nan, nan)",,,,,,,,,0.1772,0.05188,0.3052,0.1975,0.1709,0.06354,0.3147,0.1978,,,,0.1254,0.10736,0.006348,-0.01166
"('17_mlp_out', nan, nan, nan, nan)",,,,,,,,,0.362,0.3926,0.3037,0.1681,0.4058,0.3901,0.2896,0.17,,,,-0.03052,0.01563,-0.0437,0.002441
"('18_mlp_out', nan, nan, nan, nan)",,,,,,,,,0.5176,0.42,0.3906,0.277,0.4915,0.4243,0.3877,0.2764,,,,0.09766,0.06714,0.02612,-0.004395
"('19_mlp_out', nan, nan, nan, nan)",,,,,,,,,0.2256,0.2192,0.3296,0.2083,0.219,0.229,0.3164,0.1981,,,,0.006348,-0.01001,0.00659,-0.009766
"('20_mlp_out', nan, nan, nan, nan)",,,,,,,,,0.0849,-0.02492,0.36,0.2113,0.072,-0.02359,0.3188,0.2124,,,,0.1098,0.0956,0.01288,-0.0013275
"('21_mlp_out', nan, nan, nan, nan)",,,,,,,,,-0.3083,-0.502,0.335,0.2087,-0.3809,-0.4868,0.3164,0.203,,,,0.1936,0.10596,0.0725,-0.01514
"('22_mlp_out', nan, nan, nan, nan)",,,,,,,,,-1.162,-1.836,0.773,0.6978,-1.339,-1.807,0.7925,0.682,,,,0.674,0.4678,0.1768,-0.0293
"('23_mlp_out', nan, nan, nan, nan)",,,,,,,,,-1.016,-0.7505,0.9614,0.6685,-0.787,-0.719,0.984,0.6562,,,,-0.2651,-0.0679,-0.2285,-0.03125
"('embed', nan, nan, nan, nan)",,,,,,,,,-0.00605,-0.002499,0.01059,0.00468,-0.00452,-0.002613,0.01128,0.00475,,,,-0.003551,-0.001907,-0.00153,0.00011444
"('bias', nan, nan, nan, nan)",,,,,,,,,1.74,1.952,0.675,0.465,1.752,1.905,0.6914,0.442,,,,-0.2119,-0.1533,-0.01172,0.04688
